SET DEFINE OFF;
--------------------------------------------------------
--  File created - Thursday-September-18-2025   
--------------------------------------------------------
--------------------------------------------------------
--  DDL for Sequence COMPANY_ID_SEQ
--------------------------------------------------------

   CREATE SEQUENCE  "WKSP_ESGAPEX"."COMPANY_ID_SEQ"  MINVALUE 1 MAXVALUE 9999999999999999999999999999 INCREMENT BY 1 START WITH 2 NOCACHE  NOORDER  NOCYCLE  NOKEEP  NOSCALE  GLOBAL ;
--------------------------------------------------------
--  DDL for Table AIGES_SCORES
--------------------------------------------------------

  CREATE TABLE "WKSP_ESGAPEX"."AIGES_SCORES" 
   (	"ASOF" DATE, 
	"TICKER" VARCHAR2(20 BYTE) COLLATE "USING_NLS_COMP", 
	"PILLAR_TRANSPARENCY" NUMBER(5,2), 
	"PILLAR_ETHICS" NUMBER(5,2), 
	"PILLAR_GOVERNANCE" NUMBER(5,2), 
	"PILLAR_REGALIGN" NUMBER(5,2), 
	"PILLAR_STAKEHOLDER" NUMBER(5,2), 
	"COMPOSITE" NUMBER(5,2)
   )  DEFAULT COLLATION "USING_NLS_COMP" SEGMENT CREATION IMMEDIATE 
  PCTFREE 10 PCTUSED 40 INITRANS 10 MAXTRANS 255 
 NOCOMPRESS LOGGING
  STORAGE(INITIAL 65536 NEXT 1048576 MINEXTENTS 1 MAXEXTENTS 2147483645
  PCTINCREASE 0 FREELISTS 1 FREELIST GROUPS 1
  BUFFER_POOL DEFAULT FLASH_CACHE DEFAULT CELL_FLASH_CACHE DEFAULT)
  TABLESPACE "DATA" ;
--------------------------------------------------------
--  DDL for Table API_KEYS
--------------------------------------------------------

  CREATE TABLE "WKSP_ESGAPEX"."API_KEYS" 
   (	"API_KEY" VARCHAR2(64 BYTE) COLLATE "USING_NLS_COMP", 
	"USER_ID" VARCHAR2(64 BYTE) COLLATE "USING_NLS_COMP", 
	"TIER" VARCHAR2(20 BYTE) COLLATE "USING_NLS_COMP", 
	"CREATED_AT" TIMESTAMP (6) DEFAULT SYSTIMESTAMP, 
	"LAST_USED_AT" TIMESTAMP (6), 
	"STATUS" VARCHAR2(20 BYTE) COLLATE "USING_NLS_COMP" DEFAULT 'active'
   )  DEFAULT COLLATION "USING_NLS_COMP" SEGMENT CREATION DEFERRED 
  PCTFREE 10 PCTUSED 40 INITRANS 10 MAXTRANS 255 
 NOCOMPRESS LOGGING
  TABLESPACE "DATA" ;
--------------------------------------------------------
--  DDL for Table ATTRIBUTION
--------------------------------------------------------

  CREATE TABLE "WKSP_ESGAPEX"."ATTRIBUTION" 
   (	"DT" DATE, 
	"TICKER" VARCHAR2(20 BYTE) COLLATE "USING_NLS_COMP", 
	"WEIGHT_BEG" NUMBER(9,6), 
	"RETURN_D" NUMBER(9,6), 
	"CONTRIB_BPS" NUMBER(9,4)
   )  DEFAULT COLLATION "USING_NLS_COMP" SEGMENT CREATION IMMEDIATE 
  PCTFREE 10 PCTUSED 40 INITRANS 10 MAXTRANS 255 
 NOCOMPRESS LOGGING
  STORAGE(INITIAL 65536 NEXT 1048576 MINEXTENTS 1 MAXEXTENTS 2147483645
  PCTINCREASE 0 FREELISTS 1 FREELIST GROUPS 1
  BUFFER_POOL DEFAULT FLASH_CACHE DEFAULT CELL_FLASH_CACHE DEFAULT)
  TABLESPACE "DATA" ;
--------------------------------------------------------
--  DDL for Table CANDIDATE_USERS
--------------------------------------------------------

  CREATE TABLE "WKSP_ESGAPEX"."CANDIDATE_USERS" 
   (	"ID" NUMBER GENERATED BY DEFAULT AS IDENTITY MINVALUE 1 MAXVALUE 9999999999999999999999999999 INCREMENT BY 1 START WITH 1 CACHE 20 NOORDER  NOCYCLE  NOKEEP  NOSCALE , 
	"EMAIL" VARCHAR2(255 BYTE) COLLATE "USING_NLS_COMP", 
	"NAME" VARCHAR2(255 BYTE) COLLATE "USING_NLS_COMP", 
	"LOGIN_CODE" VARCHAR2(6 BYTE) COLLATE "USING_NLS_COMP", 
	"CODE_EXPIRY" TIMESTAMP (6), 
	"CREATED_AT" TIMESTAMP (6) DEFAULT CURRENT_TIMESTAMP, 
	"UPDATED_AT" TIMESTAMP (6) DEFAULT CURRENT_TIMESTAMP  -- Timestamp of last update

   )  DEFAULT COLLATION "USING_NLS_COMP" SEGMENT CREATION IMMEDIATE 
  PCTFREE 10 PCTUSED 40 INITRANS 10 MAXTRANS 255 
 NOCOMPRESS LOGGING
  STORAGE(INITIAL 65536 NEXT 1048576 MINEXTENTS 1 MAXEXTENTS 2147483645
  PCTINCREASE 0 FREELISTS 1 FREELIST GROUPS 1
  BUFFER_POOL DEFAULT FLASH_CACHE DEFAULT CELL_FLASH_CACHE DEFAULT)
  TABLESPACE "DATA" ;
--------------------------------------------------------
--  DDL for Table COMPANY_ESG_INPUTS
--------------------------------------------------------

  CREATE TABLE "WKSP_ESGAPEX"."COMPANY_ESG_INPUTS" 
   (	"COMPANY_ID" VARCHAR2(50 BYTE) COLLATE "USING_NLS_COMP", 
	"COMPANY_NAME" VARCHAR2(100 BYTE) COLLATE "USING_NLS_COMP", 
	"COUNTRY" VARCHAR2(50 BYTE) COLLATE "USING_NLS_COMP", 
	"SECTOR" VARCHAR2(50 BYTE) COLLATE "USING_NLS_COMP", 
	"REVENUE" NUMBER(15,2), 
	"EMPLOYEE_COUNT" NUMBER(10,0), 
	"PRODUCTION_OUTPUT" NUMBER(15,2), 
	"LAND_AREA" NUMBER(12,2), 
	"CARBON_FOOTPRINT" NUMBER(12,2), 
	"ENERGY_MIX_RENEW" NUMBER(5,2), 
	"WATER_USAGE" NUMBER(12,2), 
	"WASTE_MANAGEMENT" VARCHAR2(50 BYTE) COLLATE "USING_NLS_COMP", 
	"WORKFORCE_DIVERSITY" VARCHAR2(100 BYTE) COLLATE "USING_NLS_COMP", 
	"EMPLOYEE_SAFETY" NUMBER(5,2), 
	"COMMUNITY_ENGAGEMENT" VARCHAR2(200 BYTE) COLLATE "USING_NLS_COMP", 
	"BOARD_DIVERSITY" VARCHAR2(100 BYTE) COLLATE "USING_NLS_COMP", 
	"ANTI_CORRUPTION" VARCHAR2(100 BYTE) COLLATE "USING_NLS_COMP", 
	"TRANSPARENCY" VARCHAR2(100 BYTE) COLLATE "USING_NLS_COMP", 
	"EXPOSURE_WEIGHT" NUMBER(5,2), 
	"CREATED_AT" DATE DEFAULT SYSDATE, 
	"UPDATED_AT" DATE DEFAULT SYSDATE
   )  DEFAULT COLLATION "USING_NLS_COMP" SEGMENT CREATION IMMEDIATE 
  PCTFREE 10 PCTUSED 40 INITRANS 10 MAXTRANS 255 
 NOCOMPRESS LOGGING
  STORAGE(INITIAL 65536 NEXT 1048576 MINEXTENTS 1 MAXEXTENTS 2147483645
  PCTINCREASE 0 FREELISTS 1 FREELIST GROUPS 1
  BUFFER_POOL DEFAULT FLASH_CACHE DEFAULT CELL_FLASH_CACHE DEFAULT)
  TABLESPACE "DATA" ;
--------------------------------------------------------
--  DDL for Table COMPANY_ESG_INPUTS_LEVEL_1
--------------------------------------------------------

  CREATE TABLE "WKSP_ESGAPEX"."COMPANY_ESG_INPUTS_LEVEL_1" 
   (	"ID" NUMBER GENERATED BY DEFAULT AS IDENTITY MINVALUE 1 MAXVALUE 9999999999999999999999999999 INCREMENT BY 1 START WITH 1 CACHE 20 NOORDER  NOCYCLE  NOKEEP  NOSCALE , 
	"COMPANY_NAME" VARCHAR2(255 BYTE) COLLATE "USING_NLS_COMP", 
	"CONTACT_EMAIL" VARCHAR2(255 BYTE) COLLATE "USING_NLS_COMP", 
	"COUNTRY" VARCHAR2(100 BYTE) COLLATE "USING_NLS_COMP", 
	"SECTOR" VARCHAR2(100 BYTE) COLLATE "USING_NLS_COMP", 
	"NUMBER_OF_EMPLOYEES" NUMBER, 
	"CREATED_AT" TIMESTAMP (6) DEFAULT CURRENT_TIMESTAMP, 
	"UPDATED_AT" TIMESTAMP (6) DEFAULT CURRENT_TIMESTAMP            -- Timestamp for tracking updates to the row

   )  DEFAULT COLLATION "USING_NLS_COMP" SEGMENT CREATION IMMEDIATE 
  PCTFREE 10 PCTUSED 40 INITRANS 10 MAXTRANS 255 
 NOCOMPRESS LOGGING
  STORAGE(INITIAL 65536 NEXT 1048576 MINEXTENTS 1 MAXEXTENTS 2147483645
  PCTINCREASE 0 FREELISTS 1 FREELIST GROUPS 1
  BUFFER_POOL DEFAULT FLASH_CACHE DEFAULT CELL_FLASH_CACHE DEFAULT)
  TABLESPACE "DATA" ;
--------------------------------------------------------
--  DDL for Table CONTACT_US_MESSAGES
--------------------------------------------------------

  CREATE TABLE "WKSP_ESGAPEX"."CONTACT_US_MESSAGES" 
   (	"ID" NUMBER GENERATED BY DEFAULT AS IDENTITY MINVALUE 1 MAXVALUE 9999999999999999999999999999 INCREMENT BY 1 START WITH 1 CACHE 20 NOORDER  NOCYCLE  NOKEEP  NOSCALE , 
	"NAME" VARCHAR2(100 BYTE) COLLATE "USING_NLS_COMP", 
	"EMAIL" VARCHAR2(200 BYTE) COLLATE "USING_NLS_COMP", 
	"MESSAGE" CLOB COLLATE "USING_NLS_COMP", 
	"SUBMITTED_AT" TIMESTAMP (6) DEFAULT CURRENT_TIMESTAMP
   )  DEFAULT COLLATION "USING_NLS_COMP" SEGMENT CREATION IMMEDIATE 
  PCTFREE 10 PCTUSED 40 INITRANS 10 MAXTRANS 255 
 NOCOMPRESS LOGGING
  STORAGE(INITIAL 65536 NEXT 1048576 MINEXTENTS 1 MAXEXTENTS 2147483645
  PCTINCREASE 0 FREELISTS 1 FREELIST GROUPS 1
  BUFFER_POOL DEFAULT FLASH_CACHE DEFAULT CELL_FLASH_CACHE DEFAULT)
  TABLESPACE "DATA" 
 LOB ("MESSAGE") STORE AS SECUREFILE (
  TABLESPACE "DATA" ENABLE STORAGE IN ROW 4000 CHUNK 8192
  NOCACHE LOGGING  NOCOMPRESS  KEEP_DUPLICATES 
  STORAGE(INITIAL 262144 NEXT 1048576 MINEXTENTS 1 MAXEXTENTS 2147483645
  PCTINCREASE 0
  BUFFER_POOL DEFAULT FLASH_CACHE DEFAULT CELL_FLASH_CACHE DEFAULT)) ;
--------------------------------------------------------
--  DDL for Table EBA_DEMO_CHART_BBALL
--------------------------------------------------------

  CREATE TABLE "WKSP_ESGAPEX"."EBA_DEMO_CHART_BBALL" 
   (	"ID" NUMBER, 
	"CITY" VARCHAR2(20 BYTE) COLLATE "USING_NLS_COMP", 
	"TEAM" VARCHAR2(30 BYTE) COLLATE "USING_NLS_COMP", 
	"CONFERENCE" VARCHAR2(5 BYTE) COLLATE "USING_NLS_COMP", 
	"WINS" NUMBER, 
	"CREATED" TIMESTAMP (6) WITH TIME ZONE, 
	"CREATED_BY" VARCHAR2(255 BYTE) COLLATE "USING_NLS_COMP", 
	"UPDATED" TIMESTAMP (6) WITH TIME ZONE, 
	"UPDATED_BY" VARCHAR2(255 BYTE) COLLATE "USING_NLS_COMP"
   )  DEFAULT COLLATION "USING_NLS_COMP" SEGMENT CREATION IMMEDIATE 
  PCTFREE 10 PCTUSED 40 INITRANS 10 MAXTRANS 255 
 NOCOMPRESS LOGGING
  STORAGE(INITIAL 65536 NEXT 1048576 MINEXTENTS 1 MAXEXTENTS 2147483645
  PCTINCREASE 0 FREELISTS 1 FREELIST GROUPS 1
  BUFFER_POOL DEFAULT FLASH_CACHE DEFAULT CELL_FLASH_CACHE DEFAULT)
  TABLESPACE "DATA" ;
--------------------------------------------------------
--  DDL for Table EBA_DEMO_CHART_DEPT
--------------------------------------------------------

  CREATE TABLE "WKSP_ESGAPEX"."EBA_DEMO_CHART_DEPT" 
   (	"DEPTNO" NUMBER(2,0), 
	"DNAME" VARCHAR2(14 BYTE) COLLATE "USING_NLS_COMP", 
	"LOC" VARCHAR2(13 BYTE) COLLATE "USING_NLS_COMP"
   )  DEFAULT COLLATION "USING_NLS_COMP" SEGMENT CREATION IMMEDIATE 
  PCTFREE 10 PCTUSED 40 INITRANS 10 MAXTRANS 255 
 NOCOMPRESS LOGGING
  STORAGE(INITIAL 65536 NEXT 1048576 MINEXTENTS 1 MAXEXTENTS 2147483645
  PCTINCREASE 0 FREELISTS 1 FREELIST GROUPS 1
  BUFFER_POOL DEFAULT FLASH_CACHE DEFAULT CELL_FLASH_CACHE DEFAULT)
  TABLESPACE "DATA" ;
--------------------------------------------------------
--  DDL for Table EBA_DEMO_CHART_EMP
--------------------------------------------------------

  CREATE TABLE "WKSP_ESGAPEX"."EBA_DEMO_CHART_EMP" 
   (	"EMPNO" NUMBER(4,0), 
	"ENAME" VARCHAR2(10 BYTE) COLLATE "USING_NLS_COMP", 
	"JOB" VARCHAR2(9 BYTE) COLLATE "USING_NLS_COMP", 
	"MGR" NUMBER(4,0), 
	"HIREDATE" DATE, 
	"SAL" NUMBER(7,2), 
	"COMM" NUMBER(7,2), 
	"DEPTNO" NUMBER(2,0)
   )  DEFAULT COLLATION "USING_NLS_COMP" SEGMENT CREATION IMMEDIATE 
  PCTFREE 10 PCTUSED 40 INITRANS 10 MAXTRANS 255 
 NOCOMPRESS LOGGING
  STORAGE(INITIAL 65536 NEXT 1048576 MINEXTENTS 1 MAXEXTENTS 2147483645
  PCTINCREASE 0 FREELISTS 1 FREELIST GROUPS 1
  BUFFER_POOL DEFAULT FLASH_CACHE DEFAULT CELL_FLASH_CACHE DEFAULT)
  TABLESPACE "DATA" ;
--------------------------------------------------------
--  DDL for Table EBA_DEMO_CHART_GRADES
--------------------------------------------------------

  CREATE TABLE "WKSP_ESGAPEX"."EBA_DEMO_CHART_GRADES" 
   (	"ID" NUMBER, 
	"COURSE" VARCHAR2(10 BYTE) COLLATE "USING_NLS_COMP", 
	"SCHOOLA" NUMBER, 
	"SCHOOLB" NUMBER, 
	"SCHOOLC" NUMBER, 
	"CREATED" TIMESTAMP (6) WITH TIME ZONE, 
	"CREATED_BY" VARCHAR2(255 BYTE) COLLATE "USING_NLS_COMP", 
	"UPDATED" TIMESTAMP (6) WITH TIME ZONE, 
	"UPDATED_BY" VARCHAR2(255 BYTE) COLLATE "USING_NLS_COMP"
   )  DEFAULT COLLATION "USING_NLS_COMP" SEGMENT CREATION IMMEDIATE 
  PCTFREE 10 PCTUSED 40 INITRANS 10 MAXTRANS 255 
 NOCOMPRESS LOGGING
  STORAGE(INITIAL 65536 NEXT 1048576 MINEXTENTS 1 MAXEXTENTS 2147483645
  PCTINCREASE 0 FREELISTS 1 FREELIST GROUPS 1
  BUFFER_POOL DEFAULT FLASH_CACHE DEFAULT CELL_FLASH_CACHE DEFAULT)
  TABLESPACE "DATA" ;
--------------------------------------------------------
--  DDL for Table EBA_DEMO_CHART_ORDERS
--------------------------------------------------------

  CREATE TABLE "WKSP_ESGAPEX"."EBA_DEMO_CHART_ORDERS" 
   (	"ORDER_ID" NUMBER, 
	"PRODUCT_ID" NUMBER, 
	"QUANTITY" NUMBER(8,0), 
	"CUSTOMER" VARCHAR2(30 BYTE) COLLATE "USING_NLS_COMP", 
	"SALES_DATE" DATE, 
	"CREATED" TIMESTAMP (6) WITH TIME ZONE, 
	"CREATED_BY" VARCHAR2(255 BYTE) COLLATE "USING_NLS_COMP", 
	"UPDATED" TIMESTAMP (6) WITH TIME ZONE, 
	"UPDATED_BY" VARCHAR2(255 BYTE) COLLATE "USING_NLS_COMP"
   )  DEFAULT COLLATION "USING_NLS_COMP" SEGMENT CREATION IMMEDIATE 
  PCTFREE 10 PCTUSED 40 INITRANS 10 MAXTRANS 255 
 NOCOMPRESS LOGGING
  STORAGE(INITIAL 65536 NEXT 1048576 MINEXTENTS 1 MAXEXTENTS 2147483645
  PCTINCREASE 0 FREELISTS 1 FREELIST GROUPS 1
  BUFFER_POOL DEFAULT FLASH_CACHE DEFAULT CELL_FLASH_CACHE DEFAULT)
  TABLESPACE "DATA" ;
--------------------------------------------------------
--  DDL for Table EBA_DEMO_CHART_POPULATION
--------------------------------------------------------

  CREATE TABLE "WKSP_ESGAPEX"."EBA_DEMO_CHART_POPULATION" 
   (	"ID" NUMBER, 
	"ROW_VERSION_NUMBER" NUMBER, 
	"STATE_NAME" VARCHAR2(100 BYTE) COLLATE "USING_NLS_COMP", 
	"STATE_CODE" VARCHAR2(2 BYTE) COLLATE "USING_NLS_COMP", 
	"POPULATION" NUMBER, 
	"REGION" NUMBER, 
	"CREATED" TIMESTAMP (6) WITH TIME ZONE, 
	"CREATED_BY" VARCHAR2(255 BYTE) COLLATE "USING_NLS_COMP", 
	"UPDATED" TIMESTAMP (6) WITH TIME ZONE, 
	"UPDATED_BY" VARCHAR2(255 BYTE) COLLATE "USING_NLS_COMP"
   )  DEFAULT COLLATION "USING_NLS_COMP" SEGMENT CREATION IMMEDIATE 
  PCTFREE 10 PCTUSED 40 INITRANS 10 MAXTRANS 255 
 NOCOMPRESS LOGGING
  STORAGE(INITIAL 65536 NEXT 1048576 MINEXTENTS 1 MAXEXTENTS 2147483645
  PCTINCREASE 0 FREELISTS 1 FREELIST GROUPS 1
  BUFFER_POOL DEFAULT FLASH_CACHE DEFAULT CELL_FLASH_CACHE DEFAULT)
  TABLESPACE "DATA" ;
--------------------------------------------------------
--  DDL for Table EBA_DEMO_CHART_PRODUCTS
--------------------------------------------------------

  CREATE TABLE "WKSP_ESGAPEX"."EBA_DEMO_CHART_PRODUCTS" 
   (	"PRODUCT_ID" NUMBER, 
	"PRODUCT_NAME" VARCHAR2(50 BYTE) COLLATE "USING_NLS_COMP", 
	"PRODUCT_DESCRIPTION" VARCHAR2(2000 BYTE) COLLATE "USING_NLS_COMP", 
	"LIST_PRICE" NUMBER(8,2), 
	"CREATED" TIMESTAMP (6) WITH TIME ZONE, 
	"CREATED_BY" VARCHAR2(255 BYTE) COLLATE "USING_NLS_COMP", 
	"UPDATED" TIMESTAMP (6) WITH TIME ZONE, 
	"UPDATED_BY" VARCHAR2(255 BYTE) COLLATE "USING_NLS_COMP"
   )  DEFAULT COLLATION "USING_NLS_COMP" SEGMENT CREATION IMMEDIATE 
  PCTFREE 10 PCTUSED 40 INITRANS 10 MAXTRANS 255 
 NOCOMPRESS LOGGING
  STORAGE(INITIAL 65536 NEXT 1048576 MINEXTENTS 1 MAXEXTENTS 2147483645
  PCTINCREASE 0 FREELISTS 1 FREELIST GROUPS 1
  BUFFER_POOL DEFAULT FLASH_CACHE DEFAULT CELL_FLASH_CACHE DEFAULT)
  TABLESPACE "DATA" ;
--------------------------------------------------------
--  DDL for Table EBA_DEMO_CHART_PROJECTS
--------------------------------------------------------

  CREATE TABLE "WKSP_ESGAPEX"."EBA_DEMO_CHART_PROJECTS" 
   (	"ID" NUMBER, 
	"PROJECT" VARCHAR2(30 BYTE) COLLATE "USING_NLS_COMP", 
	"ROW_VERSION_NUMBER" NUMBER, 
	"CREATED" TIMESTAMP (6) WITH TIME ZONE, 
	"CREATED_BY" VARCHAR2(255 BYTE) COLLATE "USING_NLS_COMP", 
	"UPDATED" TIMESTAMP (6) WITH TIME ZONE, 
	"UPDATED_BY" VARCHAR2(255 BYTE) COLLATE "USING_NLS_COMP"
   )  DEFAULT COLLATION "USING_NLS_COMP" SEGMENT CREATION IMMEDIATE 
  PCTFREE 10 PCTUSED 40 INITRANS 10 MAXTRANS 255 
 NOCOMPRESS LOGGING
  STORAGE(INITIAL 65536 NEXT 1048576 MINEXTENTS 1 MAXEXTENTS 2147483645
  PCTINCREASE 0 FREELISTS 1 FREELIST GROUPS 1
  BUFFER_POOL DEFAULT FLASH_CACHE DEFAULT CELL_FLASH_CACHE DEFAULT)
  TABLESPACE "DATA" ;
--------------------------------------------------------
--  DDL for Table EBA_DEMO_CHART_SAMPLES
--------------------------------------------------------

  CREATE TABLE "WKSP_ESGAPEX"."EBA_DEMO_CHART_SAMPLES" 
   (	"SAMPLE1" NUMBER, 
	"SAMPLE2" NUMBER, 
	"SAMPLE3" NUMBER, 
	"SAMPLE4" NUMBER, 
	"SAMPLE5" NUMBER
   )  DEFAULT COLLATION "USING_NLS_COMP" SEGMENT CREATION IMMEDIATE 
  PCTFREE 10 PCTUSED 40 INITRANS 10 MAXTRANS 255 
 NOCOMPRESS LOGGING
  STORAGE(INITIAL 65536 NEXT 1048576 MINEXTENTS 1 MAXEXTENTS 2147483645
  PCTINCREASE 0 FREELISTS 1 FREELIST GROUPS 1
  BUFFER_POOL DEFAULT FLASH_CACHE DEFAULT CELL_FLASH_CACHE DEFAULT)
  TABLESPACE "DATA" ;
--------------------------------------------------------
--  DDL for Table EBA_DEMO_CHART_SAMPLE_DATA
--------------------------------------------------------

  CREATE TABLE "WKSP_ESGAPEX"."EBA_DEMO_CHART_SAMPLE_DATA" 
   (	"ID" NUMBER, 
	"SAMPLE_ID" NUMBER, 
	"RESPONSE" NUMBER, 
	"CREATED" TIMESTAMP (6) WITH TIME ZONE, 
	"CREATED_BY" VARCHAR2(255 BYTE) COLLATE "USING_NLS_COMP", 
	"UPDATED" TIMESTAMP (6) WITH TIME ZONE, 
	"UPDATED_BY" VARCHAR2(255 BYTE) COLLATE "USING_NLS_COMP"
   )  DEFAULT COLLATION "USING_NLS_COMP" SEGMENT CREATION IMMEDIATE 
  PCTFREE 10 PCTUSED 40 INITRANS 10 MAXTRANS 255 
 NOCOMPRESS LOGGING
  STORAGE(INITIAL 65536 NEXT 1048576 MINEXTENTS 1 MAXEXTENTS 2147483645
  PCTINCREASE 0 FREELISTS 1 FREELIST GROUPS 1
  BUFFER_POOL DEFAULT FLASH_CACHE DEFAULT CELL_FLASH_CACHE DEFAULT)
  TABLESPACE "DATA" ;
--------------------------------------------------------
--  DDL for Table EBA_DEMO_CHART_SAMPLE_NAMES
--------------------------------------------------------

  CREATE TABLE "WKSP_ESGAPEX"."EBA_DEMO_CHART_SAMPLE_NAMES" 
   (	"ID" NUMBER, 
	"SAMPLE_NAME" VARCHAR2(30 BYTE) COLLATE "USING_NLS_COMP", 
	"SAMPLE_DATE" DATE, 
	"CREATED" TIMESTAMP (6) WITH TIME ZONE, 
	"CREATED_BY" VARCHAR2(255 BYTE) COLLATE "USING_NLS_COMP", 
	"UPDATED" TIMESTAMP (6) WITH TIME ZONE, 
	"UPDATED_BY" VARCHAR2(255 BYTE) COLLATE "USING_NLS_COMP"
   )  DEFAULT COLLATION "USING_NLS_COMP" SEGMENT CREATION IMMEDIATE 
  PCTFREE 10 PCTUSED 40 INITRANS 10 MAXTRANS 255 
 NOCOMPRESS LOGGING
  STORAGE(INITIAL 65536 NEXT 1048576 MINEXTENTS 1 MAXEXTENTS 2147483645
  PCTINCREASE 0 FREELISTS 1 FREELIST GROUPS 1
  BUFFER_POOL DEFAULT FLASH_CACHE DEFAULT CELL_FLASH_CACHE DEFAULT)
  TABLESPACE "DATA" ;
--------------------------------------------------------
--  DDL for Table EBA_DEMO_CHART_STATS
--------------------------------------------------------

  CREATE TABLE "WKSP_ESGAPEX"."EBA_DEMO_CHART_STATS" 
   (	"ID" NUMBER, 
	"NAME" VARCHAR2(2 BYTE) COLLATE "USING_NLS_COMP", 
	"COUNTRY" VARCHAR2(30 BYTE) COLLATE "USING_NLS_COMP", 
	"EMPLOYEE" NUMBER, 
	"EMPLOYER" NUMBER, 
	"TOTAL" NUMBER, 
	"CREATED" TIMESTAMP (6) WITH TIME ZONE, 
	"CREATED_BY" VARCHAR2(255 BYTE) COLLATE "USING_NLS_COMP", 
	"UPDATED" TIMESTAMP (6) WITH TIME ZONE, 
	"UPDATED_BY" VARCHAR2(255 BYTE) COLLATE "USING_NLS_COMP"
   )  DEFAULT COLLATION "USING_NLS_COMP" SEGMENT CREATION IMMEDIATE 
  PCTFREE 10 PCTUSED 40 INITRANS 10 MAXTRANS 255 
 NOCOMPRESS LOGGING
  STORAGE(INITIAL 65536 NEXT 1048576 MINEXTENTS 1 MAXEXTENTS 2147483645
  PCTINCREASE 0 FREELISTS 1 FREELIST GROUPS 1
  BUFFER_POOL DEFAULT FLASH_CACHE DEFAULT CELL_FLASH_CACHE DEFAULT)
  TABLESPACE "DATA" ;
--------------------------------------------------------
--  DDL for Table EBA_DEMO_CHART_STOCKS
--------------------------------------------------------

  CREATE TABLE "WKSP_ESGAPEX"."EBA_DEMO_CHART_STOCKS" 
   (	"ID" NUMBER, 
	"ROW_VERSION_NUMBER" NUMBER, 
	"STOCK_CODE" VARCHAR2(4 BYTE) COLLATE "USING_NLS_COMP", 
	"STOCK_NAME" VARCHAR2(130 BYTE) COLLATE "USING_NLS_COMP", 
	"PRICING_DATE" DATE, 
	"PRICING_TIMESTAMP" TIMESTAMP (6), 
	"PRICING_TIMESTAMP_TZ" TIMESTAMP (6) WITH TIME ZONE, 
	"OPENING_VAL" NUMBER, 
	"HIGH" NUMBER, 
	"LOW" NUMBER, 
	"CLOSING_VAL" NUMBER, 
	"VOLUME" NUMBER, 
	"CREATED" TIMESTAMP (6) WITH TIME ZONE, 
	"CREATED_BY" VARCHAR2(255 BYTE) COLLATE "USING_NLS_COMP", 
	"UPDATED" TIMESTAMP (6) WITH TIME ZONE, 
	"UPDATED_BY" VARCHAR2(255 BYTE) COLLATE "USING_NLS_COMP"
   )  DEFAULT COLLATION "USING_NLS_COMP" SEGMENT CREATION IMMEDIATE 
  PCTFREE 10 PCTUSED 40 INITRANS 10 MAXTRANS 255 
 NOCOMPRESS LOGGING
  STORAGE(INITIAL 65536 NEXT 1048576 MINEXTENTS 1 MAXEXTENTS 2147483645
  PCTINCREASE 0 FREELISTS 1 FREELIST GROUPS 1
  BUFFER_POOL DEFAULT FLASH_CACHE DEFAULT CELL_FLASH_CACHE DEFAULT)
  TABLESPACE "DATA" ;
--------------------------------------------------------
--  DDL for Table EBA_DEMO_CHART_TASKS
--------------------------------------------------------

  CREATE TABLE "WKSP_ESGAPEX"."EBA_DEMO_CHART_TASKS" 
   (	"ID" NUMBER, 
	"PROJECT" NUMBER, 
	"PARENT_TASK" NUMBER, 
	"TASK_NAME" VARCHAR2(255 BYTE) COLLATE "USING_NLS_COMP", 
	"ROW_VERSION_NUMBER" NUMBER, 
	"START_DATE" DATE, 
	"END_DATE" DATE, 
	"STATUS" VARCHAR2(30 BYTE) COLLATE "USING_NLS_COMP", 
	"ASSIGNED_TO" VARCHAR2(30 BYTE) COLLATE "USING_NLS_COMP", 
	"COST" NUMBER, 
	"BUDGET" NUMBER, 
	"CREATED" TIMESTAMP (6) WITH TIME ZONE, 
	"CREATED_BY" VARCHAR2(255 BYTE) COLLATE "USING_NLS_COMP", 
	"UPDATED" TIMESTAMP (6) WITH TIME ZONE, 
	"UPDATED_BY" VARCHAR2(255 BYTE) COLLATE "USING_NLS_COMP"
   )  DEFAULT COLLATION "USING_NLS_COMP" SEGMENT CREATION IMMEDIATE 
  PCTFREE 10 PCTUSED 40 INITRANS 10 MAXTRANS 255 
 NOCOMPRESS LOGGING
  STORAGE(INITIAL 65536 NEXT 1048576 MINEXTENTS 1 MAXEXTENTS 2147483645
  PCTINCREASE 0 FREELISTS 1 FREELIST GROUPS 1
  BUFFER_POOL DEFAULT FLASH_CACHE DEFAULT CELL_FLASH_CACHE DEFAULT)
  TABLESPACE "DATA" ;
--------------------------------------------------------
--  DDL for Table EEA_LIST_UPLOADED
--------------------------------------------------------

  CREATE TABLE "WKSP_ESGAPEX"."EEA_LIST_UPLOADED" 
   (	"TITLE" VARCHAR2(256 BYTE) COLLATE "USING_NLS_COMP", 
	"LINK" VARCHAR2(256 BYTE) COLLATE "USING_NLS_COMP", 
	"PUBLISHED_DATE" VARCHAR2(26 BYTE) COLLATE "USING_NLS_COMP", 
	"LINK2" VARCHAR2(256 BYTE) COLLATE "USING_NLS_COMP", 
	"LINK3" VARCHAR2(256 BYTE) COLLATE "USING_NLS_COMP", 
	"FILE_TYPE" VARCHAR2(256 BYTE) COLLATE "USING_NLS_COMP", 
	"FILE_NAME" VARCHAR2(256 BYTE) COLLATE "USING_NLS_COMP", 
	"UPLOAD_DATE" DATE
   )  DEFAULT COLLATION "USING_NLS_COMP" SEGMENT CREATION DEFERRED 
  PCTFREE 10 PCTUSED 40 INITRANS 10 MAXTRANS 255 
 NOCOMPRESS LOGGING
  TABLESPACE "DATA" ;
--------------------------------------------------------
--  DDL for Table EEA_LIST_UPLOADED_OLD
--------------------------------------------------------

  CREATE TABLE "WKSP_ESGAPEX"."EEA_LIST_UPLOADED_OLD" 
   (	"TITLE" VARCHAR2(256 BYTE) COLLATE "USING_NLS_COMP", 
	"LINK" VARCHAR2(128 BYTE) COLLATE "USING_NLS_COMP", 
	"PUBLISHED_DATE" VARCHAR2(26 BYTE) COLLATE "USING_NLS_COMP", 
	"LINK2" VARCHAR2(128 BYTE) COLLATE "USING_NLS_COMP", 
	"LINK3" VARCHAR2(128 BYTE) COLLATE "USING_NLS_COMP"
   )  DEFAULT COLLATION "USING_NLS_COMP" SEGMENT CREATION IMMEDIATE 
  PCTFREE 10 PCTUSED 40 INITRANS 10 MAXTRANS 255 
 NOCOMPRESS LOGGING
  STORAGE(INITIAL 65536 NEXT 1048576 MINEXTENTS 1 MAXEXTENTS 2147483645
  PCTINCREASE 0 FREELISTS 1 FREELIST GROUPS 1
  BUFFER_POOL DEFAULT FLASH_CACHE DEFAULT CELL_FLASH_CACHE DEFAULT)
  TABLESPACE "DATA" ;
--------------------------------------------------------
--  DDL for Table EEA_LIST_UPLOAD_DOWNLOAD
--------------------------------------------------------

  CREATE TABLE "WKSP_ESGAPEX"."EEA_LIST_UPLOAD_DOWNLOAD" 
   (	"TITLE" VARCHAR2(256 BYTE) COLLATE "USING_NLS_COMP", 
	"LINK" VARCHAR2(256 BYTE) COLLATE "USING_NLS_COMP", 
	"PUBLISHED_DATE" VARCHAR2(26 BYTE) COLLATE "USING_NLS_COMP", 
	"LINK2" VARCHAR2(256 BYTE) COLLATE "USING_NLS_COMP", 
	"LINK3" VARCHAR2(256 BYTE) COLLATE "USING_NLS_COMP", 
	"FILE_TYPE" VARCHAR2(256 BYTE) COLLATE "USING_NLS_COMP", 
	"FILE_NAME" VARCHAR2(256 BYTE) COLLATE "USING_NLS_COMP", 
	"ROWID_COL" VARCHAR2(18 BYTE) COLLATE "USING_NLS_COMP"
   )  DEFAULT COLLATION "USING_NLS_COMP" SEGMENT CREATION IMMEDIATE 
  PCTFREE 10 PCTUSED 40 INITRANS 10 MAXTRANS 255 
 NOCOMPRESS LOGGING
  STORAGE(INITIAL 65536 NEXT 1048576 MINEXTENTS 1 MAXEXTENTS 2147483645
  PCTINCREASE 0 FREELISTS 1 FREELIST GROUPS 1
  BUFFER_POOL DEFAULT FLASH_CACHE DEFAULT CELL_FLASH_CACHE DEFAULT)
  TABLESPACE "DATA" ;
--------------------------------------------------------
--  DDL for Table EEA_LIST_UPLOAD_DOWNLOAD_OLD
--------------------------------------------------------

  CREATE TABLE "WKSP_ESGAPEX"."EEA_LIST_UPLOAD_DOWNLOAD_OLD" 
   (	"TITLE" VARCHAR2(256 BYTE) COLLATE "USING_NLS_COMP", 
	"LINK" VARCHAR2(128 BYTE) COLLATE "USING_NLS_COMP", 
	"PUBLISHED_DATE" VARCHAR2(26 BYTE) COLLATE "USING_NLS_COMP", 
	"LINK2" VARCHAR2(128 BYTE) COLLATE "USING_NLS_COMP", 
	"LINK3" VARCHAR2(128 BYTE) COLLATE "USING_NLS_COMP"
   )  DEFAULT COLLATION "USING_NLS_COMP" SEGMENT CREATION IMMEDIATE 
  PCTFREE 10 PCTUSED 40 INITRANS 10 MAXTRANS 255 
 NOCOMPRESS LOGGING
  STORAGE(INITIAL 65536 NEXT 1048576 MINEXTENTS 1 MAXEXTENTS 2147483645
  PCTINCREASE 0 FREELISTS 1 FREELIST GROUPS 1
  BUFFER_POOL DEFAULT FLASH_CACHE DEFAULT CELL_FLASH_CACHE DEFAULT)
  TABLESPACE "DATA" ;
--------------------------------------------------------
--  DDL for Table EEA_LIST_UPLOAD_PENDING
--------------------------------------------------------

  CREATE TABLE "WKSP_ESGAPEX"."EEA_LIST_UPLOAD_PENDING" 
   (	"TITLE" VARCHAR2(256 BYTE) COLLATE "USING_NLS_COMP", 
	"LINK" VARCHAR2(256 BYTE) COLLATE "USING_NLS_COMP", 
	"PUBLISHED_DATE" VARCHAR2(26 BYTE) COLLATE "USING_NLS_COMP", 
	"LINK2" VARCHAR2(256 BYTE) COLLATE "USING_NLS_COMP", 
	"LINK3" VARCHAR2(256 BYTE) COLLATE "USING_NLS_COMP", 
	"FILE_TYPE" VARCHAR2(256 BYTE) COLLATE "USING_NLS_COMP", 
	"FILE_NAME" VARCHAR2(256 BYTE) COLLATE "USING_NLS_COMP"
   )  DEFAULT COLLATION "USING_NLS_COMP" SEGMENT CREATION IMMEDIATE 
  PCTFREE 10 PCTUSED 40 INITRANS 10 MAXTRANS 255 
 NOCOMPRESS LOGGING
  STORAGE(INITIAL 65536 NEXT 1048576 MINEXTENTS 1 MAXEXTENTS 2147483645
  PCTINCREASE 0 FREELISTS 1 FREELIST GROUPS 1
  BUFFER_POOL DEFAULT FLASH_CACHE DEFAULT CELL_FLASH_CACHE DEFAULT)
  TABLESPACE "DATA" ;
--------------------------------------------------------
--  DDL for Table EMEA_GREEN_BOND_ISS_PERC
--------------------------------------------------------

  CREATE TABLE "WKSP_ESGAPEX"."EMEA_GREEN_BOND_ISS_PERC" 
   (	"ID" NUMBER GENERATED BY DEFAULT ON NULL AS IDENTITY MINVALUE 1 MAXVALUE 9999999999999999999999999999 INCREMENT BY 1 START WITH 1 CACHE 20 NOORDER  NOCYCLE  NOKEEP  NOSCALE , 
	"DT_YEAR" NUMBER, 
	"SUPRANATIONALS" NUMBER, 
	"SUBNATIONALS" NUMBER, 
	"CORPORATES" NUMBER, 
	"SOVEREIGNS" NUMBER, 
	"ALL_ISSUERS" NUMBER
   )  DEFAULT COLLATION "USING_NLS_COMP" SEGMENT CREATION IMMEDIATE 
  PCTFREE 10 PCTUSED 40 INITRANS 10 MAXTRANS 255 
 NOCOMPRESS LOGGING
  STORAGE(INITIAL 65536 NEXT 1048576 MINEXTENTS 1 MAXEXTENTS 2147483645
  PCTINCREASE 0 FREELISTS 1 FREELIST GROUPS 1
  BUFFER_POOL DEFAULT FLASH_CACHE DEFAULT CELL_FLASH_CACHE DEFAULT)
  TABLESPACE "DATA" ;
--------------------------------------------------------
--  DDL for Table ESG_ATTRIBUTION_DAILY
--------------------------------------------------------

  CREATE TABLE "WKSP_ESGAPEX"."ESG_ATTRIBUTION_DAILY" 
   (	"CALC_DATE" DATE, 
	"INDEX_CODE" VARCHAR2(40 BYTE) COLLATE "USING_NLS_COMP", 
	"BENCH_CODE" VARCHAR2(40 BYTE) COLLATE "USING_NLS_COMP", 
	"SECTOR" VARCHAR2(64 BYTE) COLLATE "USING_NLS_COMP", 
	"WEIGHT_IDX" NUMBER, 
	"RET_IDX" NUMBER, 
	"WEIGHT_BENCH" NUMBER, 
	"RET_BENCH" NUMBER, 
	"ALLOC_EFFECT" NUMBER, 
	"SELECT_EFFECT" NUMBER, 
	"INTERACTION" NUMBER, 
	"ACTIVE_RETURN" NUMBER
   )  DEFAULT COLLATION "USING_NLS_COMP" SEGMENT CREATION DEFERRED 
  PCTFREE 10 PCTUSED 40 INITRANS 10 MAXTRANS 255 
 NOCOMPRESS LOGGING
  TABLESPACE "DATA" ;
--------------------------------------------------------
--  DDL for Table ESG_BENCHMARKS
--------------------------------------------------------

  CREATE TABLE "WKSP_ESGAPEX"."ESG_BENCHMARKS" 
   (	"BENCH_ID" NUMBER GENERATED BY DEFAULT AS IDENTITY MINVALUE 1 MAXVALUE 9999999999999999999999999999 INCREMENT BY 1 START WITH 1 CACHE 20 NOORDER  NOCYCLE  NOKEEP  NOSCALE , 
	"CODE" VARCHAR2(40 BYTE) COLLATE "USING_NLS_COMP", 
	"NAME" VARCHAR2(256 BYTE) COLLATE "USING_NLS_COMP", 
	"PROVIDER" VARCHAR2(64 BYTE) COLLATE "USING_NLS_COMP", 
	"SYMBOL" VARCHAR2(64 BYTE) COLLATE "USING_NLS_COMP"
   )  DEFAULT COLLATION "USING_NLS_COMP" SEGMENT CREATION IMMEDIATE 
  PCTFREE 10 PCTUSED 40 INITRANS 10 MAXTRANS 255 
 NOCOMPRESS LOGGING
  STORAGE(INITIAL 65536 NEXT 1048576 MINEXTENTS 1 MAXEXTENTS 2147483645
  PCTINCREASE 0 FREELISTS 1 FREELIST GROUPS 1
  BUFFER_POOL DEFAULT FLASH_CACHE DEFAULT CELL_FLASH_CACHE DEFAULT)
  TABLESPACE "DATA" ;
--------------------------------------------------------
--  DDL for Table ESG_BENCHMARK_PRICES
--------------------------------------------------------

  CREATE TABLE "WKSP_ESGAPEX"."ESG_BENCHMARK_PRICES" 
   (	"BENCH_ID" NUMBER, 
	"TRADE_DATE" DATE, 
	"CLOSE_ADJ" NUMBER
   )  DEFAULT COLLATION "USING_NLS_COMP" SEGMENT CREATION DEFERRED 
  PCTFREE 10 PCTUSED 40 INITRANS 10 MAXTRANS 255 
 NOCOMPRESS LOGGING
  TABLESPACE "DATA" ;
--------------------------------------------------------
--  DDL for Table ESG_COMPANIES
--------------------------------------------------------

  CREATE TABLE "WKSP_ESGAPEX"."ESG_COMPANIES" 
   (	"COMPANY_ID" NUMBER GENERATED BY DEFAULT AS IDENTITY MINVALUE 1 MAXVALUE 9999999999999999999999999999 INCREMENT BY 1 START WITH 1 CACHE 20 NOORDER  NOCYCLE  NOKEEP  NOSCALE , 
	"TICKER" VARCHAR2(32 BYTE) COLLATE "USING_NLS_COMP", 
	"NAME" VARCHAR2(256 BYTE) COLLATE "USING_NLS_COMP", 
	"COUNTRY" VARCHAR2(64 BYTE) COLLATE "USING_NLS_COMP", 
	"SECTOR" VARCHAR2(64 BYTE) COLLATE "USING_NLS_COMP", 
	"INDUSTRY" VARCHAR2(128 BYTE) COLLATE "USING_NLS_COMP"
   )  DEFAULT COLLATION "USING_NLS_COMP" SEGMENT CREATION DEFERRED 
  PCTFREE 10 PCTUSED 40 INITRANS 10 MAXTRANS 255 
 NOCOMPRESS LOGGING
  TABLESPACE "DATA" ;
--------------------------------------------------------
--  DDL for Table ESG_CONSTITUENT_PRICES
--------------------------------------------------------

  CREATE TABLE "WKSP_ESGAPEX"."ESG_CONSTITUENT_PRICES" 
   (	"INDEX_CODE" VARCHAR2(40 BYTE) COLLATE "USING_NLS_COMP", 
	"TICKER" VARCHAR2(32 BYTE) COLLATE "USING_NLS_COMP", 
	"TRADE_DATE" DATE, 
	"CLOSE_ADJ" NUMBER, 
	"WEIGHT" NUMBER
   )  DEFAULT COLLATION "USING_NLS_COMP" SEGMENT CREATION DEFERRED 
  PCTFREE 10 PCTUSED 40 INITRANS 10 MAXTRANS 255 
 NOCOMPRESS LOGGING
  TABLESPACE "DATA" ;
--------------------------------------------------------
--  DDL for Table ESG_DOCS
--------------------------------------------------------

  CREATE TABLE "WKSP_ESGAPEX"."ESG_DOCS" 
   (	"DOC_ID" NUMBER GENERATED BY DEFAULT AS IDENTITY MINVALUE 1 MAXVALUE 9999999999999999999999999999 INCREMENT BY 1 START WITH 1 CACHE 20 NOORDER  NOCYCLE  NOKEEP  NOSCALE , 
	"SOURCE_TYPE" VARCHAR2(40 BYTE) COLLATE "USING_NLS_COMP", 
	"SOURCE_ID" VARCHAR2(120 BYTE) COLLATE "USING_NLS_COMP", 
	"SOURCE_URL" VARCHAR2(800 BYTE) COLLATE "USING_NLS_COMP", 
	"TITLE" VARCHAR2(512 BYTE) COLLATE "USING_NLS_COMP", 
	"CHUNK_IX" NUMBER, 
	"CHUNK_TEXT" CLOB COLLATE "USING_NLS_COMP", 
	"EMBEDDING" VECTOR(384, *)
   )  DEFAULT COLLATION "USING_NLS_COMP" SEGMENT CREATION IMMEDIATE 
  PCTFREE 10 PCTUSED 40 INITRANS 10 MAXTRANS 255 
 NOCOMPRESS LOGGING
  STORAGE(INITIAL 65536 NEXT 1048576 MINEXTENTS 1 MAXEXTENTS 2147483645
  PCTINCREASE 0 FREELISTS 1 FREELIST GROUPS 1
  BUFFER_POOL DEFAULT FLASH_CACHE DEFAULT CELL_FLASH_CACHE DEFAULT)
  TABLESPACE "DATA" 
 LOB ("CHUNK_TEXT") STORE AS SECUREFILE (
  TABLESPACE "DATA" ENABLE STORAGE IN ROW 4000 CHUNK 8192
  NOCACHE LOGGING  NOCOMPRESS  KEEP_DUPLICATES 
  STORAGE(INITIAL 262144 NEXT 1048576 MINEXTENTS 1 MAXEXTENTS 2147483645
  PCTINCREASE 0
  BUFFER_POOL DEFAULT FLASH_CACHE DEFAULT CELL_FLASH_CACHE DEFAULT)) 
 VECTOR ("EMBEDDING") STORE AS (
  TABLESPACE "DATA"  CHUNK 8192 RETENTION MIN 1800
  STORAGE(INITIAL 262144 NEXT 1048576 MINEXTENTS 1 MAXEXTENTS 2147483645
  PCTINCREASE 0
  BUFFER_POOL DEFAULT FLASH_CACHE DEFAULT CELL_FLASH_CACHE DEFAULT)) ;
--------------------------------------------------------
--  DDL for Table ESG_INDEX_LEVELS
--------------------------------------------------------

  CREATE TABLE "WKSP_ESGAPEX"."ESG_INDEX_LEVELS" 
   (	"INDEX_CODE" VARCHAR2(40 BYTE) COLLATE "USING_NLS_COMP", 
	"LEVEL_DATE" DATE, 
	"INDEX_LEVEL" NUMBER
   )  DEFAULT COLLATION "USING_NLS_COMP" SEGMENT CREATION IMMEDIATE 
  PCTFREE 10 PCTUSED 40 INITRANS 10 MAXTRANS 255 
 NOCOMPRESS LOGGING
  STORAGE(INITIAL 65536 NEXT 1048576 MINEXTENTS 1 MAXEXTENTS 2147483645
  PCTINCREASE 0 FREELISTS 1 FREELIST GROUPS 1
  BUFFER_POOL DEFAULT FLASH_CACHE DEFAULT CELL_FLASH_CACHE DEFAULT)
  TABLESPACE "DATA" ;
--------------------------------------------------------
--  DDL for Table ESG_METADATA
--------------------------------------------------------

  CREATE TABLE "WKSP_ESGAPEX"."ESG_METADATA" 
   (	"NEWS_ID" NUMBER, 
	"IS_E" CHAR(1 BYTE) COLLATE "USING_NLS_COMP", 
	"IS_S" CHAR(1 BYTE) COLLATE "USING_NLS_COMP", 
	"IS_G" CHAR(1 BYTE) COLLATE "USING_NLS_COMP", 
	"TONE" NUMBER, 
	"POLARITY" NUMBER, 
	"POSITIVE_TONE" NUMBER, 
	"NEGATIVE_TONE" NUMBER, 
	"ACTIVITY_DENSITY" NUMBER, 
	"SELF_DENSITY" NUMBER, 
	"WORD_COUNT" NUMBER
   )  DEFAULT COLLATION "USING_NLS_COMP" SEGMENT CREATION DEFERRED 
  PCTFREE 10 PCTUSED 40 INITRANS 10 MAXTRANS 255 
 NOCOMPRESS LOGGING
  TABLESPACE "DATA" ;
--------------------------------------------------------
--  DDL for Table ESG_NEWS
--------------------------------------------------------

  CREATE TABLE "WKSP_ESGAPEX"."ESG_NEWS" 
   (	"ID" NUMBER GENERATED BY DEFAULT ON NULL AS IDENTITY MINVALUE 1 MAXVALUE 9999999999999999999999999999 INCREMENT BY 1 START WITH 1 CACHE 20 NOORDER  NOCYCLE  NOKEEP  NOSCALE , 
	"COMPANY" VARCHAR2(200 BYTE) COLLATE "USING_NLS_COMP", 
	"TITLE" VARCHAR2(1000 BYTE) COLLATE "USING_NLS_COMP", 
	"URL" VARCHAR2(1000 BYTE) COLLATE "USING_NLS_COMP", 
	"SOURCE" VARCHAR2(200 BYTE) COLLATE "USING_NLS_COMP", 
	"DATE_PUBLISHED" DATE, 
	"TEXT" CLOB COLLATE "USING_NLS_COMP", 
	"DATE_INGESTED" TIMESTAMP (6) DEFAULT CURRENT_TIMESTAMP
   )  DEFAULT COLLATION "USING_NLS_COMP" SEGMENT CREATION IMMEDIATE 
  PCTFREE 10 PCTUSED 40 INITRANS 10 MAXTRANS 255 
 NOCOMPRESS LOGGING
  STORAGE(INITIAL 65536 NEXT 1048576 MINEXTENTS 1 MAXEXTENTS 2147483645
  PCTINCREASE 0 FREELISTS 1 FREELIST GROUPS 1
  BUFFER_POOL DEFAULT FLASH_CACHE DEFAULT CELL_FLASH_CACHE DEFAULT)
  TABLESPACE "DATA" 
 LOB ("TEXT") STORE AS SECUREFILE (
  TABLESPACE "DATA" ENABLE STORAGE IN ROW 4000 CHUNK 8192
  NOCACHE LOGGING  NOCOMPRESS  KEEP_DUPLICATES 
  STORAGE(INITIAL 262144 NEXT 1048576 MINEXTENTS 1 MAXEXTENTS 2147483645
  PCTINCREASE 0
  BUFFER_POOL DEFAULT FLASH_CACHE DEFAULT CELL_FLASH_CACHE DEFAULT)) ;
--------------------------------------------------------
--  DDL for Table ESG_SCORES
--------------------------------------------------------

  CREATE TABLE "WKSP_ESGAPEX"."ESG_SCORES" 
   (	"COMPANY" VARCHAR2(200 BYTE) COLLATE "USING_NLS_COMP", 
	"SCORE_DATE" DATE, 
	"E_SCORE" NUMBER, 
	"S_SCORE" NUMBER, 
	"G_SCORE" NUMBER, 
	"OVERALL_SCORE" NUMBER, 
	"ARTICLE_COUNT" NUMBER
   )  DEFAULT COLLATION "USING_NLS_COMP" SEGMENT CREATION DEFERRED 
  PCTFREE 10 PCTUSED 40 INITRANS 10 MAXTRANS 255 
 NOCOMPRESS LOGGING
  TABLESPACE "DATA" ;
--------------------------------------------------------
--  DDL for Table EU_SDG_13_10_NET_GREENHOUSE_GAS_EMISSIONS
--------------------------------------------------------

  CREATE TABLE "WKSP_ESGAPEX"."EU_SDG_13_10_NET_GREENHOUSE_GAS_EMISSIONS" 
   (	"EU_SDG" VARCHAR2(26 BYTE) COLLATE "USING_NLS_COMP", 
	"DIMENSION" VARCHAR2(26 BYTE) COLLATE "USING_NLS_COMP", 
	"DIMENSION_LABEL" VARCHAR2(128 BYTE) COLLATE "USING_NLS_COMP", 
	"UNIT" VARCHAR2(26 BYTE) COLLATE "USING_NLS_COMP", 
	"UNIT_LABEL" VARCHAR2(26 BYTE) COLLATE "USING_NLS_COMP", 
	"GEO" VARCHAR2(26 BYTE) COLLATE "USING_NLS_COMP", 
	"GEO_LABEL" VARCHAR2(128 BYTE) COLLATE "USING_NLS_COMP", 
	"TIME" NUMBER(38,0), 
	"OBS_VALUE" NUMBER(38,5), 
	"OBS_STATUS" VARCHAR2(26 BYTE) COLLATE "USING_NLS_COMP"
   )  DEFAULT COLLATION "USING_NLS_COMP" SEGMENT CREATION IMMEDIATE 
  PCTFREE 10 PCTUSED 40 INITRANS 10 MAXTRANS 255 
 NOCOMPRESS LOGGING
  STORAGE(INITIAL 65536 NEXT 1048576 MINEXTENTS 1 MAXEXTENTS 2147483645
  PCTINCREASE 0 FREELISTS 1 FREELIST GROUPS 1
  BUFFER_POOL DEFAULT FLASH_CACHE DEFAULT CELL_FLASH_CACHE DEFAULT)
  TABLESPACE "DATA" ;
--------------------------------------------------------
--  DDL for Table EU_SDG_13_31_AVG_CO2_KM_NEW_PASSENGER_CARS
--------------------------------------------------------

  CREATE TABLE "WKSP_ESGAPEX"."EU_SDG_13_31_AVG_CO2_KM_NEW_PASSENGER_CARS" 
   (	"EU_SDG" VARCHAR2(26 BYTE) COLLATE "USING_NLS_COMP", 
	"DIMENSION" VARCHAR2(26 BYTE) COLLATE "USING_NLS_COMP", 
	"DIMENSION_LABEL" VARCHAR2(128 BYTE) COLLATE "USING_NLS_COMP", 
	"UNIT" VARCHAR2(26 BYTE) COLLATE "USING_NLS_COMP", 
	"UNIT_LABEL" VARCHAR2(26 BYTE) COLLATE "USING_NLS_COMP", 
	"GEO" VARCHAR2(26 BYTE) COLLATE "USING_NLS_COMP", 
	"GEO_LABEL" VARCHAR2(128 BYTE) COLLATE "USING_NLS_COMP", 
	"TIME" NUMBER(38,0), 
	"OBS_VALUE" NUMBER(38,1), 
	"OBS_STATUS" VARCHAR2(26 BYTE) COLLATE "USING_NLS_COMP"
   )  DEFAULT COLLATION "USING_NLS_COMP" SEGMENT CREATION IMMEDIATE 
  PCTFREE 10 PCTUSED 40 INITRANS 10 MAXTRANS 255 
 NOCOMPRESS LOGGING
  STORAGE(INITIAL 65536 NEXT 1048576 MINEXTENTS 1 MAXEXTENTS 2147483645
  PCTINCREASE 0 FREELISTS 1 FREELIST GROUPS 1
  BUFFER_POOL DEFAULT FLASH_CACHE DEFAULT CELL_FLASH_CACHE DEFAULT)
  TABLESPACE "DATA" ;
--------------------------------------------------------
--  DDL for Table INDEX_ACTIONS
--------------------------------------------------------

  CREATE TABLE "WKSP_ESGAPEX"."INDEX_ACTIONS" 
   (	"ID" NUMBER GENERATED BY DEFAULT AS IDENTITY MINVALUE 1 MAXVALUE 9999999999999999999999999999 INCREMENT BY 1 START WITH 1 CACHE 20 NOORDER  NOCYCLE  NOKEEP  NOSCALE , 
	"TICKER" VARCHAR2(10 BYTE) COLLATE "USING_NLS_COMP", 
	"ACTION_DATE" DATE, 
	"ACTION_TYPE" VARCHAR2(20 BYTE) COLLATE "USING_NLS_COMP", 
	"VALUE" NUMBER
   )  DEFAULT COLLATION "USING_NLS_COMP" SEGMENT CREATION DEFERRED 
  PCTFREE 10 PCTUSED 40 INITRANS 10 MAXTRANS 255 
 NOCOMPRESS LOGGING
  TABLESPACE "DATA" ;
--------------------------------------------------------
--  DDL for Table INDEX_BALANCE_SHEET
--------------------------------------------------------

  CREATE TABLE "WKSP_ESGAPEX"."INDEX_BALANCE_SHEET" 
   (	"ID" NUMBER GENERATED BY DEFAULT AS IDENTITY MINVALUE 1 MAXVALUE 9999999999999999999999999999 INCREMENT BY 1 START WITH 1 CACHE 20 NOORDER  NOCYCLE  NOKEEP  NOSCALE , 
	"TICKER" VARCHAR2(10 BYTE) COLLATE "USING_NLS_COMP", 
	"PERIOD_END" DATE, 
	"STATEMENT_TYPE" VARCHAR2(20 BYTE) COLLATE "USING_NLS_COMP", 
	"TOTAL_ASSETS" NUMBER, 
	"TOTAL_LIABILITIES" NUMBER, 
	"TOTAL_EQUITY" NUMBER, 
	"CASH" NUMBER, 
	"DEBT" NUMBER
   )  DEFAULT COLLATION "USING_NLS_COMP" SEGMENT CREATION DEFERRED 
  PCTFREE 10 PCTUSED 40 INITRANS 10 MAXTRANS 255 
 NOCOMPRESS LOGGING
  TABLESPACE "DATA" ;
--------------------------------------------------------
--  DDL for Table INDEX_CASH_FLOW
--------------------------------------------------------

  CREATE TABLE "WKSP_ESGAPEX"."INDEX_CASH_FLOW" 
   (	"ID" NUMBER GENERATED BY DEFAULT AS IDENTITY MINVALUE 1 MAXVALUE 9999999999999999999999999999 INCREMENT BY 1 START WITH 1 CACHE 20 NOORDER  NOCYCLE  NOKEEP  NOSCALE , 
	"TICKER" VARCHAR2(10 BYTE) COLLATE "USING_NLS_COMP", 
	"PERIOD_END" DATE, 
	"STATEMENT_TYPE" VARCHAR2(20 BYTE) COLLATE "USING_NLS_COMP", 
	"OPERATING_CASH_FLOW" NUMBER, 
	"INVESTING_CASH_FLOW" NUMBER, 
	"FINANCING_CASH_FLOW" NUMBER, 
	"FREE_CASH_FLOW" NUMBER
   )  DEFAULT COLLATION "USING_NLS_COMP" SEGMENT CREATION DEFERRED 
  PCTFREE 10 PCTUSED 40 INITRANS 10 MAXTRANS 255 
 NOCOMPRESS LOGGING
  TABLESPACE "DATA" ;
--------------------------------------------------------
--  DDL for Table INDEX_COMPANIES
--------------------------------------------------------

  CREATE TABLE "WKSP_ESGAPEX"."INDEX_COMPANIES" 
   (	"TICKER" VARCHAR2(10 BYTE) COLLATE "USING_NLS_COMP", 
	"NAME" VARCHAR2(255 BYTE) COLLATE "USING_NLS_COMP", 
	"SECTOR" VARCHAR2(100 BYTE) COLLATE "USING_NLS_COMP", 
	"INDUSTRY" VARCHAR2(100 BYTE) COLLATE "USING_NLS_COMP", 
	"COUNTRY" VARCHAR2(100 BYTE) COLLATE "USING_NLS_COMP", 
	"WEBSITE" VARCHAR2(255 BYTE) COLLATE "USING_NLS_COMP", 
	"FULL_TIME_EMPLOYEES" NUMBER, 
	"DESCRIPTION" CLOB COLLATE "USING_NLS_COMP"
   )  DEFAULT COLLATION "USING_NLS_COMP" SEGMENT CREATION IMMEDIATE 
  PCTFREE 10 PCTUSED 40 INITRANS 10 MAXTRANS 255 
 NOCOMPRESS LOGGING
  STORAGE(INITIAL 65536 NEXT 1048576 MINEXTENTS 1 MAXEXTENTS 2147483645
  PCTINCREASE 0 FREELISTS 1 FREELIST GROUPS 1
  BUFFER_POOL DEFAULT FLASH_CACHE DEFAULT CELL_FLASH_CACHE DEFAULT)
  TABLESPACE "DATA" 
 LOB ("DESCRIPTION") STORE AS SECUREFILE (
  TABLESPACE "DATA" ENABLE STORAGE IN ROW 4000 CHUNK 8192
  NOCACHE LOGGING  NOCOMPRESS  KEEP_DUPLICATES 
  STORAGE(INITIAL 262144 NEXT 1048576 MINEXTENTS 1 MAXEXTENTS 2147483645
  PCTINCREASE 0
  BUFFER_POOL DEFAULT FLASH_CACHE DEFAULT CELL_FLASH_CACHE DEFAULT)) ;
--------------------------------------------------------
--  DDL for Table INDEX_CONSTITUENTS
--------------------------------------------------------

  CREATE TABLE "WKSP_ESGAPEX"."INDEX_CONSTITUENTS" 
   (	"INDEX_DATE" DATE, 
	"TICKER" VARCHAR2(10 BYTE) COLLATE "USING_NLS_COMP", 
	"INDEX_NAME" VARCHAR2(100 BYTE) COLLATE "USING_NLS_COMP", 
	"WEIGHT_PERCENT" NUMBER(6,4), 
	"BASE_PRICE" NUMBER(12,4), 
	"SHARES_HELD" NUMBER(18,8), 
	"AIGES_SCORE" NUMBER(5,2), 
	"INCLUDED_FLAG" CHAR(1 BYTE) COLLATE "USING_NLS_COMP"
   )  DEFAULT COLLATION "USING_NLS_COMP" SEGMENT CREATION IMMEDIATE 
  PCTFREE 10 PCTUSED 40 INITRANS 10 MAXTRANS 255 
 NOCOMPRESS LOGGING
  STORAGE(INITIAL 65536 NEXT 1048576 MINEXTENTS 1 MAXEXTENTS 2147483645
  PCTINCREASE 0 FREELISTS 1 FREELIST GROUPS 1
  BUFFER_POOL DEFAULT FLASH_CACHE DEFAULT CELL_FLASH_CACHE DEFAULT)
  TABLESPACE "DATA" ;
--------------------------------------------------------
--  DDL for Table INDEX_CONSTITUENT_PRICES
--------------------------------------------------------

  CREATE TABLE "WKSP_ESGAPEX"."INDEX_CONSTITUENT_PRICES" 
   (	"PRICE_DATE" DATE, 
	"TICKER" VARCHAR2(10 BYTE) COLLATE "USING_NLS_COMP", 
	"INDEX_NAME" VARCHAR2(100 BYTE) COLLATE "USING_NLS_COMP", 
	"CLOSE_PRICE" NUMBER(12,4), 
	"ADJ_CLOSE_PRICE" NUMBER(12,4), 
	"CONTRIBUTION" NUMBER(12,6), 
	"INDEX_LEVEL" NUMBER(12,4)
   )  DEFAULT COLLATION "USING_NLS_COMP" SEGMENT CREATION IMMEDIATE 
  PCTFREE 10 PCTUSED 40 INITRANS 10 MAXTRANS 255 
 NOCOMPRESS LOGGING
  STORAGE(INITIAL 65536 NEXT 1048576 MINEXTENTS 1 MAXEXTENTS 2147483645
  PCTINCREASE 0 FREELISTS 1 FREELIST GROUPS 1
  BUFFER_POOL DEFAULT FLASH_CACHE DEFAULT CELL_FLASH_CACHE DEFAULT)
  TABLESPACE "DATA" ;
--------------------------------------------------------
--  DDL for Table INDEX_DAILY_LEVELS
--------------------------------------------------------

  CREATE TABLE "WKSP_ESGAPEX"."INDEX_DAILY_LEVELS" 
   (	"INDEX_DATE" DATE, 
	"INDEX_LEVEL" NUMBER(18,6)
   )  DEFAULT COLLATION "USING_NLS_COMP" SEGMENT CREATION DEFERRED 
  PCTFREE 10 PCTUSED 40 INITRANS 10 MAXTRANS 255 
 NOCOMPRESS LOGGING
  TABLESPACE "DATA" ;
--------------------------------------------------------
--  DDL for Table INDEX_DAILY_RETURNS
--------------------------------------------------------

  CREATE TABLE "WKSP_ESGAPEX"."INDEX_DAILY_RETURNS" 
   (	"INDEX_DATE" DATE, 
	"TICKER" VARCHAR2(12 BYTE) COLLATE "USING_NLS_COMP", 
	"DAILY_RETURN" NUMBER(12,8)
   )  DEFAULT COLLATION "USING_NLS_COMP" SEGMENT CREATION DEFERRED 
  PCTFREE 10 PCTUSED 40 INITRANS 10 MAXTRANS 255 
 NOCOMPRESS LOGGING
  TABLESPACE "DATA" ;
--------------------------------------------------------
--  DDL for Table INDEX_DIVIDENDS
--------------------------------------------------------

  CREATE TABLE "WKSP_ESGAPEX"."INDEX_DIVIDENDS" 
   (	"ID" NUMBER GENERATED BY DEFAULT AS IDENTITY MINVALUE 1 MAXVALUE 9999999999999999999999999999 INCREMENT BY 1 START WITH 1 CACHE 20 NOORDER  NOCYCLE  NOKEEP  NOSCALE , 
	"TICKER" VARCHAR2(10 BYTE) COLLATE "USING_NLS_COMP", 
	"PAY_DATE" DATE, 
	"DIVIDEND" NUMBER
   )  DEFAULT COLLATION "USING_NLS_COMP" SEGMENT CREATION DEFERRED 
  PCTFREE 10 PCTUSED 40 INITRANS 10 MAXTRANS 255 
 NOCOMPRESS LOGGING
  TABLESPACE "DATA" ;
--------------------------------------------------------
--  DDL for Table INDEX_ESG_SCORES
--------------------------------------------------------

  CREATE TABLE "WKSP_ESGAPEX"."INDEX_ESG_SCORES" 
   (	"ID" NUMBER GENERATED BY DEFAULT AS IDENTITY MINVALUE 1 MAXVALUE 9999999999999999999999999999 INCREMENT BY 1 START WITH 1 CACHE 20 NOORDER  NOCYCLE  NOKEEP  NOSCALE , 
	"TICKER" VARCHAR2(10 BYTE) COLLATE "USING_NLS_COMP", 
	"REPORT_DATE" DATE, 
	"ESG_SCORE" NUMBER, 
	"ENV_SCORE" NUMBER, 
	"SOC_SCORE" NUMBER, 
	"GOV_SCORE" NUMBER, 
	"CONTROVERSY_LEVEL" NUMBER
   )  DEFAULT COLLATION "USING_NLS_COMP" SEGMENT CREATION DEFERRED 
  PCTFREE 10 PCTUSED 40 INITRANS 10 MAXTRANS 255 
 NOCOMPRESS LOGGING
  TABLESPACE "DATA" ;
--------------------------------------------------------
--  DDL for Table INDEX_FINANCIALS
--------------------------------------------------------

  CREATE TABLE "WKSP_ESGAPEX"."INDEX_FINANCIALS" 
   (	"ID" NUMBER GENERATED BY DEFAULT AS IDENTITY MINVALUE 1 MAXVALUE 9999999999999999999999999999 INCREMENT BY 1 START WITH 1 CACHE 20 NOORDER  NOCYCLE  NOKEEP  NOSCALE , 
	"TICKER" VARCHAR2(10 BYTE) COLLATE "USING_NLS_COMP", 
	"PERIOD_END" DATE, 
	"STATEMENT_TYPE" VARCHAR2(20 BYTE) COLLATE "USING_NLS_COMP", 
	"REVENUE" NUMBER, 
	"GROSS_PROFIT" NUMBER, 
	"NET_INCOME" NUMBER, 
	"OPERATING_INCOME" NUMBER, 
	"EPS" NUMBER
   )  DEFAULT COLLATION "USING_NLS_COMP" SEGMENT CREATION DEFERRED 
  PCTFREE 10 PCTUSED 40 INITRANS 10 MAXTRANS 255 
 NOCOMPRESS LOGGING
  TABLESPACE "DATA" ;
--------------------------------------------------------
--  DDL for Table INDEX_LEVELS
--------------------------------------------------------

  CREATE TABLE "WKSP_ESGAPEX"."INDEX_LEVELS" 
   (	"INDEX_DATE" DATE, 
	"INDEX_NAME" VARCHAR2(100 BYTE) COLLATE "USING_NLS_COMP", 
	"INDEX_LEVEL" NUMBER(12,4), 
	"REBALANCE_FLAG" CHAR(1 BYTE) COLLATE "USING_NLS_COMP", 
	"DIVISOR" NUMBER(18,8), 
	"INDEX_NOTE" VARCHAR2(500 BYTE) COLLATE "USING_NLS_COMP"
   )  DEFAULT COLLATION "USING_NLS_COMP" SEGMENT CREATION IMMEDIATE 
  PCTFREE 10 PCTUSED 40 INITRANS 10 MAXTRANS 255 
 NOCOMPRESS LOGGING
  STORAGE(INITIAL 65536 NEXT 1048576 MINEXTENTS 1 MAXEXTENTS 2147483645
  PCTINCREASE 0 FREELISTS 1 FREELIST GROUPS 1
  BUFFER_POOL DEFAULT FLASH_CACHE DEFAULT CELL_FLASH_CACHE DEFAULT)
  TABLESPACE "DATA" ;
--------------------------------------------------------
--  DDL for Table INDEX_REBALANCE_DATES
--------------------------------------------------------

  CREATE TABLE "WKSP_ESGAPEX"."INDEX_REBALANCE_DATES" 
   (	"REBALANCE_DATE" DATE
   )  DEFAULT COLLATION "USING_NLS_COMP" SEGMENT CREATION DEFERRED 
  PCTFREE 10 PCTUSED 40 INITRANS 10 MAXTRANS 255 
 NOCOMPRESS LOGGING
  TABLESPACE "DATA" ;
--------------------------------------------------------
--  DDL for Table INDEX_SPLITS
--------------------------------------------------------

  CREATE TABLE "WKSP_ESGAPEX"."INDEX_SPLITS" 
   (	"ID" NUMBER GENERATED BY DEFAULT AS IDENTITY MINVALUE 1 MAXVALUE 9999999999999999999999999999 INCREMENT BY 1 START WITH 1 CACHE 20 NOORDER  NOCYCLE  NOKEEP  NOSCALE , 
	"TICKER" VARCHAR2(10 BYTE) COLLATE "USING_NLS_COMP", 
	"SPLIT_DATE" DATE, 
	"SPLIT_RATIO" NUMBER
   )  DEFAULT COLLATION "USING_NLS_COMP" SEGMENT CREATION DEFERRED 
  PCTFREE 10 PCTUSED 40 INITRANS 10 MAXTRANS 255 
 NOCOMPRESS LOGGING
  TABLESPACE "DATA" ;
--------------------------------------------------------
--  DDL for Table INDEX_STOCK_PRICES
--------------------------------------------------------

  CREATE TABLE "WKSP_ESGAPEX"."INDEX_STOCK_PRICES" 
   (	"ID" NUMBER GENERATED BY DEFAULT AS IDENTITY MINVALUE 1 MAXVALUE 9999999999999999999999999999 INCREMENT BY 1 START WITH 1 CACHE 20 NOORDER  NOCYCLE  NOKEEP  NOSCALE , 
	"TICKER" VARCHAR2(10 BYTE) COLLATE "USING_NLS_COMP", 
	"PRICE_DATE" DATE, 
	"OPEN" NUMBER, 
	"HIGH" NUMBER, 
	"LOW" NUMBER, 
	"CLOSE" NUMBER, 
	"ADJ_CLOSE" NUMBER, 
	"VOLUME" NUMBER
   )  DEFAULT COLLATION "USING_NLS_COMP" SEGMENT CREATION IMMEDIATE 
  PCTFREE 10 PCTUSED 40 INITRANS 10 MAXTRANS 255 
 NOCOMPRESS LOGGING
  STORAGE(INITIAL 65536 NEXT 1048576 MINEXTENTS 1 MAXEXTENTS 2147483645
  PCTINCREASE 0 FREELISTS 1 FREELIST GROUPS 1
  BUFFER_POOL DEFAULT FLASH_CACHE DEFAULT CELL_FLASH_CACHE DEFAULT)
  TABLESPACE "DATA" ;
--------------------------------------------------------
--  DDL for Table NEWS_CATEGORIES
--------------------------------------------------------

  CREATE TABLE "WKSP_ESGAPEX"."NEWS_CATEGORIES" 
   (	"CATEGORY_ID" NUMBER GENERATED BY DEFAULT AS IDENTITY MINVALUE 1 MAXVALUE 9999999999999999999999999999 INCREMENT BY 1 START WITH 1 CACHE 20 NOORDER  NOCYCLE  NOKEEP  NOSCALE , 
	"NAME" VARCHAR2(100 BYTE) COLLATE "USING_NLS_COMP"
   )  DEFAULT COLLATION "USING_NLS_COMP" SEGMENT CREATION IMMEDIATE 
  PCTFREE 10 PCTUSED 40 INITRANS 10 MAXTRANS 255 
 NOCOMPRESS LOGGING
  STORAGE(INITIAL 65536 NEXT 1048576 MINEXTENTS 1 MAXEXTENTS 2147483645
  PCTINCREASE 0 FREELISTS 1 FREELIST GROUPS 1
  BUFFER_POOL DEFAULT FLASH_CACHE DEFAULT CELL_FLASH_CACHE DEFAULT)
  TABLESPACE "DATA" ;
--------------------------------------------------------
--  DDL for Table NEWS_ITEMS
--------------------------------------------------------

  CREATE TABLE "WKSP_ESGAPEX"."NEWS_ITEMS" 
   (	"ID" NUMBER GENERATED BY DEFAULT AS IDENTITY MINVALUE 1 MAXVALUE 9999999999999999999999999999 INCREMENT BY 1 START WITH 1 CACHE 20 NOORDER  NOCYCLE  NOKEEP  NOSCALE , 
	"DT_PUB" TIMESTAMP (6) WITH TIME ZONE, 
	"TICKER" VARCHAR2(20 BYTE) COLLATE "USING_NLS_COMP", 
	"TITLE" VARCHAR2(500 BYTE) COLLATE "USING_NLS_COMP", 
	"URL" VARCHAR2(1000 BYTE) COLLATE "USING_NLS_COMP", 
	"SOURCE" VARCHAR2(200 BYTE) COLLATE "USING_NLS_COMP", 
	"SUMMARY" CLOB COLLATE "USING_NLS_COMP", 
	"PILLAR_TAGS" VARCHAR2(200 BYTE) COLLATE "USING_NLS_COMP"
   )  DEFAULT COLLATION "USING_NLS_COMP" SEGMENT CREATION DEFERRED 
  PCTFREE 10 PCTUSED 40 INITRANS 10 MAXTRANS 255 
 NOCOMPRESS LOGGING
  TABLESPACE "DATA" 
 LOB ("SUMMARY") STORE AS SECUREFILE (
  TABLESPACE "DATA" ENABLE STORAGE IN ROW 4000 CHUNK 8192
  NOCACHE LOGGING  NOCOMPRESS  KEEP_DUPLICATES ) ;
--------------------------------------------------------
--  DDL for Table NEWS_ITEM_CATEGORIES
--------------------------------------------------------

  CREATE TABLE "WKSP_ESGAPEX"."NEWS_ITEM_CATEGORIES" 
   (	"ITEM_TABLE" VARCHAR2(20 BYTE) COLLATE "USING_NLS_COMP", 
	"ITEM_ID" NUMBER, 
	"CATEGORY_ID" NUMBER
   )  DEFAULT COLLATION "USING_NLS_COMP" SEGMENT CREATION IMMEDIATE 
  PCTFREE 10 PCTUSED 40 INITRANS 10 MAXTRANS 255 
 NOCOMPRESS LOGGING
  STORAGE(INITIAL 65536 NEXT 1048576 MINEXTENTS 1 MAXEXTENTS 2147483645
  PCTINCREASE 0 FREELISTS 1 FREELIST GROUPS 1
  BUFFER_POOL DEFAULT FLASH_CACHE DEFAULT CELL_FLASH_CACHE DEFAULT)
  TABLESPACE "DATA" ;
--------------------------------------------------------
--  DDL for Table NEWS_ITEM_TAGS
--------------------------------------------------------

  CREATE TABLE "WKSP_ESGAPEX"."NEWS_ITEM_TAGS" 
   (	"ITEM_TABLE" VARCHAR2(20 BYTE) COLLATE "USING_NLS_COMP", 
	"ITEM_ID" NUMBER, 
	"TAG_ID" NUMBER
   )  DEFAULT COLLATION "USING_NLS_COMP" SEGMENT CREATION IMMEDIATE 
  PCTFREE 10 PCTUSED 40 INITRANS 10 MAXTRANS 255 
 NOCOMPRESS LOGGING
  STORAGE(INITIAL 65536 NEXT 1048576 MINEXTENTS 1 MAXEXTENTS 2147483645
  PCTINCREASE 0 FREELISTS 1 FREELIST GROUPS 1
  BUFFER_POOL DEFAULT FLASH_CACHE DEFAULT CELL_FLASH_CACHE DEFAULT)
  TABLESPACE "DATA" ;
--------------------------------------------------------
--  DDL for Table NEWS_ITEM_TICKERS
--------------------------------------------------------

  CREATE TABLE "WKSP_ESGAPEX"."NEWS_ITEM_TICKERS" 
   (	"ITEM_TABLE" VARCHAR2(20 BYTE) COLLATE "USING_NLS_COMP", 
	"ITEM_ID" NUMBER, 
	"TICKER" VARCHAR2(32 BYTE) COLLATE "USING_NLS_COMP"
   )  DEFAULT COLLATION "USING_NLS_COMP" SEGMENT CREATION IMMEDIATE 
  PCTFREE 10 PCTUSED 40 INITRANS 10 MAXTRANS 255 
 NOCOMPRESS LOGGING
  STORAGE(INITIAL 65536 NEXT 1048576 MINEXTENTS 1 MAXEXTENTS 2147483645
  PCTINCREASE 0 FREELISTS 1 FREELIST GROUPS 1
  BUFFER_POOL DEFAULT FLASH_CACHE DEFAULT CELL_FLASH_CACHE DEFAULT)
  TABLESPACE "DATA" ;
--------------------------------------------------------
--  DDL for Table NEWS_SOURCES
--------------------------------------------------------

  CREATE TABLE "WKSP_ESGAPEX"."NEWS_SOURCES" 
   (	"SOURCE_ID" NUMBER GENERATED BY DEFAULT AS IDENTITY MINVALUE 1 MAXVALUE 9999999999999999999999999999 INCREMENT BY 1 START WITH 1 CACHE 20 NOORDER  NOCYCLE  NOKEEP  NOSCALE , 
	"NAME" VARCHAR2(200 BYTE) COLLATE "USING_NLS_COMP", 
	"HOMEPAGE" VARCHAR2(400 BYTE) COLLATE "USING_NLS_COMP", 
	"SRC_TYPE" VARCHAR2(20 BYTE) COLLATE "USING_NLS_COMP", 
	"ACTIVE_YN" CHAR(1 BYTE) COLLATE "USING_NLS_COMP" DEFAULT 'Y'
   )  DEFAULT COLLATION "USING_NLS_COMP" SEGMENT CREATION DEFERRED 
  PCTFREE 10 PCTUSED 40 INITRANS 10 MAXTRANS 255 
 NOCOMPRESS LOGGING
  TABLESPACE "DATA" ;
--------------------------------------------------------
--  DDL for Table NEWS_TAGS
--------------------------------------------------------

  CREATE TABLE "WKSP_ESGAPEX"."NEWS_TAGS" 
   (	"TAG_ID" NUMBER GENERATED BY DEFAULT AS IDENTITY MINVALUE 1 MAXVALUE 9999999999999999999999999999 INCREMENT BY 1 START WITH 1 CACHE 20 NOORDER  NOCYCLE  NOKEEP  NOSCALE , 
	"NAME" VARCHAR2(100 BYTE) COLLATE "USING_NLS_COMP"
   )  DEFAULT COLLATION "USING_NLS_COMP" SEGMENT CREATION IMMEDIATE 
  PCTFREE 10 PCTUSED 40 INITRANS 10 MAXTRANS 255 
 NOCOMPRESS LOGGING
  STORAGE(INITIAL 65536 NEXT 1048576 MINEXTENTS 1 MAXEXTENTS 2147483645
  PCTINCREASE 0 FREELISTS 1 FREELIST GROUPS 1
  BUFFER_POOL DEFAULT FLASH_CACHE DEFAULT CELL_FLASH_CACHE DEFAULT)
  TABLESPACE "DATA" ;
--------------------------------------------------------
--  DDL for Table RATE_LIMIT_LOG
--------------------------------------------------------

  CREATE TABLE "WKSP_ESGAPEX"."RATE_LIMIT_LOG" 
   (	"API_KEY" VARCHAR2(64 BYTE) COLLATE "USING_NLS_COMP", 
	"ENDPOINT" VARCHAR2(100 BYTE) COLLATE "USING_NLS_COMP", 
	"TS" TIMESTAMP (6) DEFAULT SYSTIMESTAMP, 
	"OK" CHAR(1 BYTE) COLLATE "USING_NLS_COMP"
   )  DEFAULT COLLATION "USING_NLS_COMP" SEGMENT CREATION DEFERRED 
  PCTFREE 10 PCTUSED 40 INITRANS 10 MAXTRANS 255 
 NOCOMPRESS LOGGING
  TABLESPACE "DATA" ;
--------------------------------------------------------
--  DDL for Table TECH11_AI_GOV_ETH_INDEX
--------------------------------------------------------

  CREATE TABLE "WKSP_ESGAPEX"."TECH11_AI_GOV_ETH_INDEX" 
   (	"PORT_DATE" DATE, 
	"RANK_INDEX" NUMBER(3,0), 
	"COMPANY_NAME" VARCHAR2(200 BYTE) COLLATE "USING_NLS_COMP", 
	"TICKER" VARCHAR2(200 BYTE) COLLATE "USING_NLS_COMP", 
	"PORT_WEIGHT" NUMBER(6,4), 
	"GICS_SECTOR" VARCHAR2(100 BYTE) COLLATE "USING_NLS_COMP", 
	"TRANSPARENCY" NUMBER(3,0), 
	"ETHICAL_PRINCIPLES" NUMBER(3,0), 
	"GOVERNANCE_STRUCTURE" NUMBER(3,0), 
	"REGULATORY_ALIGNMENT" NUMBER(3,0), 
	"STAKEHOLDER_ENGAGEMENT" NUMBER(3,0), 
	"AIGES_COMPOSITE_AVERAGE" NUMBER(3,0), 
	"SUMMARY" CLOB COLLATE "USING_NLS_COMP", 
	"SOURCE_LINKS" VARCHAR2(500 BYTE) COLLATE "USING_NLS_COMP"
   )  DEFAULT COLLATION "USING_NLS_COMP" SEGMENT CREATION IMMEDIATE 
  PCTFREE 10 PCTUSED 40 INITRANS 10 MAXTRANS 255 
 NOCOMPRESS LOGGING
  STORAGE(INITIAL 65536 NEXT 1048576 MINEXTENTS 1 MAXEXTENTS 2147483645
  PCTINCREASE 0 FREELISTS 1 FREELIST GROUPS 1
  BUFFER_POOL DEFAULT FLASH_CACHE DEFAULT CELL_FLASH_CACHE DEFAULT)
  TABLESPACE "DATA" 
 LOB ("SUMMARY") STORE AS SECUREFILE (
  TABLESPACE "DATA" ENABLE STORAGE IN ROW 4000 CHUNK 8192
  NOCACHE LOGGING  NOCOMPRESS  KEEP_DUPLICATES 
  STORAGE(INITIAL 262144 NEXT 1048576 MINEXTENTS 1 MAXEXTENTS 2147483645
  PCTINCREASE 0
  BUFFER_POOL DEFAULT FLASH_CACHE DEFAULT CELL_FLASH_CACHE DEFAULT)) ;
--------------------------------------------------------
--  DDL for Table VECTOR$ESG_DOCS_HNSW$165913_172112_0$HNSW_CHECKPOINTS
--------------------------------------------------------

  CREATE TABLE "WKSP_ESGAPEX"."VECTOR$ESG_DOCS_HNSW$165913_172112_0$HNSW_CHECKPOINTS" 
   (	"CHECKPOINT_ID" NUMBER, 
	"LAYER" NUMBER, 
	"UNIT_ID" NUMBER, 
	"FLAG" NUMBER, 
	"DATA" BLOB
   )  DEFAULT COLLATION "USING_NLS_COMP" SEGMENT CREATION DEFERRED 
  PCTFREE 10 PCTUSED 40 INITRANS 1 MAXTRANS 255 
 NOCOMPRESS LOGGING
  TABLESPACE "DATA" 
 LOB ("DATA") STORE AS SECUREFILE (
  TABLESPACE "DATA" ENABLE STORAGE IN ROW 4000 CHUNK 8192
  NOCACHE LOGGING  NOCOMPRESS  KEEP_DUPLICATES ) ;
--------------------------------------------------------
--  DDL for Table VECTOR$ESG_DOCS_HNSW$165913_172112_0$HNSW_ROWID_VID_MAP
--------------------------------------------------------

  CREATE TABLE "WKSP_ESGAPEX"."VECTOR$ESG_DOCS_HNSW$165913_172112_0$HNSW_ROWID_VID_MAP" 
   (	"BASE_TABLE_ROWID" ROWID, 
	"VERTEX_ID" NUMBER
   )  DEFAULT COLLATION "USING_NLS_COMP" SEGMENT CREATION IMMEDIATE 
  PCTFREE 10 PCTUSED 40 INITRANS 1 MAXTRANS 255 
 NOCOMPRESS LOGGING
  STORAGE(INITIAL 65536 NEXT 1048576 MINEXTENTS 1 MAXEXTENTS 2147483645
  PCTINCREASE 0 FREELISTS 1 FREELIST GROUPS 1
  BUFFER_POOL DEFAULT FLASH_CACHE DEFAULT CELL_FLASH_CACHE DEFAULT)
  TABLESPACE "DATA" ;
--------------------------------------------------------
--  DDL for Table VECTOR$ESG_DOCS_HNSW$165913_172112_0$HNSW_SHARED_JOURNAL_CHANGE_LOG
--------------------------------------------------------

  CREATE TABLE "WKSP_ESGAPEX"."VECTOR$ESG_DOCS_HNSW$165913_172112_0$HNSW_SHARED_JOURNAL_CHANGE_LOG" 
   (	"USN" NUMBER, 
	"SLOT" NUMBER, 
	"SEQ" NUMBER, 
	"XCN" NUMBER, 
	"BASE_TABLE_ROWID" ROWID, 
	"DML_OP" VARCHAR2(10 BYTE) COLLATE "USING_NLS_COMP", 
	"DATA_VECTOR" VECTOR(384, FLOAT64), 
	 CONSTRAINT "FK_XID_172112" FOREIGN KEY ("USN", "SLOT", "SEQ")
	  REFERENCES "SYS"."COMMIT_SCN_LOG$" ("USN", "SLOT", "SQN") ENABLE
   )  DEFAULT COLLATION "USING_NLS_COMP" SEGMENT CREATION IMMEDIATE 
  PCTFREE 0 PCTUSED 40 INITRANS 1 MAXTRANS 255 
  STORAGE(
  BUFFER_POOL DEFAULT FLASH_CACHE DEFAULT CELL_FLASH_CACHE DEFAULT)
  TABLESPACE "DATA" 
 VECTOR ("DATA_VECTOR") STORE AS (
   CHUNK 8192 RETENTION MIN 1800
  STORAGE(
  BUFFER_POOL DEFAULT FLASH_CACHE DEFAULT CELL_FLASH_CACHE DEFAULT)) 
  PARTITION BY REFERENCE ("FK_XID_172112") 
 (PARTITION "P1" SEGMENT CREATION IMMEDIATE 
  PCTFREE 0 PCTUSED 40 INITRANS 1 MAXTRANS 255 
 NOCOMPRESS LOGGING 
  STORAGE(INITIAL 8388608 NEXT 1048576 MINEXTENTS 1 MAXEXTENTS 2147483645
  PCTINCREASE 0 FREELISTS 1 FREELIST GROUPS 1
  BUFFER_POOL DEFAULT FLASH_CACHE DEFAULT CELL_FLASH_CACHE DEFAULT)
  TABLESPACE "DATA" 
 VECTOR ("DATA_VECTOR") STORE AS (
  TABLESPACE "DATA"  CHUNK 8192 RETENTION MIN 1800
  STORAGE(INITIAL 8388608 NEXT 1048576 MINEXTENTS 1 MAXEXTENTS 2147483645
  PCTINCREASE 0
  BUFFER_POOL DEFAULT FLASH_CACHE DEFAULT CELL_FLASH_CACHE DEFAULT)) ) ;
--------------------------------------------------------
--  DDL for View ESG_BENCHMARK_RETURNS
--------------------------------------------------------

  CREATE OR REPLACE FORCE EDITIONABLE VIEW "WKSP_ESGAPEX"."ESG_BENCHMARK_RETURNS" ("CODE", "TRADE_DATE", "CLOSE_ADJ", "PREV_CLOSE", "RET") DEFAULT COLLATION "USING_NLS_COMP"  AS 
  SELECT b.code, p.trade_date, p.close_adj,
       LAG(p.close_adj) OVER (PARTITION BY b.bench_id ORDER BY p.trade_date) AS prev_close,
       CASE WHEN LAG(p.close_adj) OVER (PARTITION BY b.bench_id ORDER BY p.trade_date) IS NULL
            THEN NULL ELSE (p.close_adj / LAG(p.close_adj) OVER (PARTITION BY b.bench_id ORDER BY p.trade_date) - 1) END AS ret
FROM ESG_BENCHMARKS b JOIN ESG_BENCHMARK_PRICES p ON p.bench_id = b.bench_id
;
--------------------------------------------------------
--  DDL for View ESG_BENCH_DAILY_RET
--------------------------------------------------------

  CREATE OR REPLACE FORCE EDITIONABLE VIEW "WKSP_ESGAPEX"."ESG_BENCH_DAILY_RET" ("CODE", "D", "CLOSE_ADJ", "PREV", "RET") DEFAULT COLLATION "USING_NLS_COMP"  AS 
  SELECT b.code, p.trade_date AS d, p.close_adj,
       LAG(p.close_adj) OVER (PARTITION BY b.bench_id ORDER BY p.trade_date) AS prev,
       CASE WHEN LAG(p.close_adj) OVER (PARTITION BY b.bench_id ORDER BY p.trade_date) IS NULL
            THEN NULL ELSE (p.close_adj/ LAG(p.close_adj) OVER (PARTITION BY b.bench_id ORDER BY p.trade_date) - 1) END AS ret
FROM ESG_BENCHMARKS b JOIN ESG_BENCHMARK_PRICES p ON p.bench_id=b.bench_id
;
--------------------------------------------------------
--  DDL for View ESG_BENCH_RISK_30D
--------------------------------------------------------

  CREATE OR REPLACE FORCE EDITIONABLE VIEW "WKSP_ESGAPEX"."ESG_BENCH_RISK_30D" ("CODE", "AS_OF", "ANN_VOL", "ANN_RETURN") DEFAULT COLLATION "USING_NLS_COMP"  AS 
  SELECT code, MAX(trade_date) AS as_of,
       STDDEV(ret) * SQRT(252) AS ann_vol, AVG(ret) * 252 AS ann_return
FROM ESG_BENCHMARK_RETURNS
WHERE trade_date >= TRUNC(SYSDATE) - 40
GROUP BY code
;
--------------------------------------------------------
--  DDL for View ESG_BENCH_SECTOR_DAILY
--------------------------------------------------------

  CREATE OR REPLACE FORCE EDITIONABLE VIEW "WKSP_ESGAPEX"."ESG_BENCH_SECTOR_DAILY" ("CODE", "D", "SECTOR", "SECTOR_RET_BENCH", "SECTOR_WEIGHT_BENCH") DEFAULT COLLATION "USING_NLS_COMP"  AS 
  WITH sectors AS ( SELECT DISTINCT sector FROM ESG_COMPANIES WHERE sector IS NOT NULL ),
bench_ret AS ( SELECT code, d, ret FROM ESG_BENCH_DAILY_RET )
SELECT br.code, br.d, s.sector,
       br.ret AS sector_ret_bench,
       1.0 / COUNT(*) OVER () AS sector_weight_bench
FROM bench_ret br CROSS JOIN sectors s
;
--------------------------------------------------------
--  DDL for View ESG_INDEX_DAILY_RET
--------------------------------------------------------

  CREATE OR REPLACE FORCE EDITIONABLE VIEW "WKSP_ESGAPEX"."ESG_INDEX_DAILY_RET" ("INDEX_CODE", "D", "INDEX_LEVEL", "PREV", "RET") DEFAULT COLLATION "USING_NLS_COMP"  AS 
  SELECT index_code, level_date AS d, index_level,
       LAG(index_level) OVER (PARTITION BY index_code ORDER BY level_date) AS prev,
       CASE WHEN LAG(index_level) OVER (PARTITION BY index_code ORDER BY level_date) IS NULL
            THEN NULL ELSE (index_level/ LAG(index_level) OVER (PARTITION BY index_code ORDER BY level_date) - 1) END AS ret
FROM ESG_INDEX_LEVELS
;
--------------------------------------------------------
--  DDL for View ESG_INDEX_RETURNS
--------------------------------------------------------

  CREATE OR REPLACE FORCE EDITIONABLE VIEW "WKSP_ESGAPEX"."ESG_INDEX_RETURNS" ("INDEX_CODE", "LEVEL_DATE", "INDEX_LEVEL", "PREV_LEVEL", "RET") DEFAULT COLLATION "USING_NLS_COMP"  AS 
  SELECT index_code, level_date, index_level,
       LAG(index_level) OVER (PARTITION BY index_code ORDER BY level_date) AS prev_level,
       CASE WHEN LAG(index_level) OVER (PARTITION BY index_code ORDER BY level_date) IS NULL
            THEN NULL ELSE (index_level / LAG(index_level) OVER (PARTITION BY index_code ORDER BY level_date) - 1) END AS ret
FROM ESG_INDEX_LEVELS
;
--------------------------------------------------------
--  DDL for View ESG_INDEX_RISK_30D
--------------------------------------------------------

  CREATE OR REPLACE FORCE EDITIONABLE VIEW "WKSP_ESGAPEX"."ESG_INDEX_RISK_30D" ("INDEX_CODE", "AS_OF", "ANN_VOL", "ANN_RETURN") DEFAULT COLLATION "USING_NLS_COMP"  AS 
  SELECT index_code, MAX(level_date) AS as_of,
       STDDEV(ret) * SQRT(252) AS ann_vol, AVG(ret) * 252 AS ann_return
FROM ESG_INDEX_RETURNS
WHERE level_date >= TRUNC(SYSDATE) - 40
GROUP BY index_code
;
--------------------------------------------------------
--  DDL for View ESG_INDEX_SECTOR_DAILY
--------------------------------------------------------

  CREATE OR REPLACE FORCE EDITIONABLE VIEW "WKSP_ESGAPEX"."ESG_INDEX_SECTOR_DAILY" ("INDEX_CODE", "D", "SECTOR", "SECTOR_RET", "SECTOR_WEIGHT") DEFAULT COLLATION "USING_NLS_COMP"  AS 
  WITH w as (
  SELECT index_code, ticker, trade_date, weight,
         LAST_VALUE(weight IGNORE NULLS) OVER (PARTITION BY index_code, ticker ORDER BY trade_date
           ROWS BETWEEN UNBOUNDED PRECEDING AND CURRENT ROW) AS w_eff
  FROM ESG_CONSTITUENT_PRICES
),
r as (
  SELECT index_code, ticker, trade_date, close_adj,
         LAG(close_adj) OVER (PARTITION BY index_code, ticker ORDER BY trade_date) AS prev_close
  FROM ESG_CONSTITUENT_PRICES
)
SELECT c.index_code, c.trade_date AS d, comp.sector,
       AVG((r.close_adj/r.prev_close)-1) KEEP (DENSE_RANK LAST ORDER BY r.trade_date) AS sector_ret,
       SUM(w.w_eff) / NULLIF(SUM(SUM(w.w_eff)) OVER (PARTITION BY c.index_code, c.trade_date),0) AS sector_weight
FROM ESG_CONSTITUENT_PRICES c
JOIN r ON r.index_code=c.index_code AND r.ticker=c.ticker AND r.trade_date=c.trade_date
LEFT JOIN w ON w.index_code=c.index_code AND w.ticker=c.ticker AND w.trade_date=c.trade_date
LEFT JOIN ESG_COMPANIES comp ON comp.ticker=c.ticker
GROUP BY c.index_code, c.trade_date, comp.sector
;
--------------------------------------------------------
--  DDL for View ESG_INDEX_VS_BENCH_YTD
--------------------------------------------------------

  CREATE OR REPLACE FORCE EDITIONABLE VIEW "WKSP_ESGAPEX"."ESG_INDEX_VS_BENCH_YTD" ("INDEX_CODE", "BENCH_CODE", "IDX_YTD", "BENCH_YTD") DEFAULT COLLATION "USING_NLS_COMP"  AS 
  WITH idx AS (
  SELECT index_code,
         (MAX(CASE WHEN TO_CHAR(level_date,'YYYY')=TO_CHAR(SYSDATE,'YYYY') THEN index_level END) /
          MIN(CASE WHEN TO_CHAR(level_date,'YYYY')=TO_CHAR(SYSDATE,'YYYY') THEN index_level END) - 1) AS idx_ytd
  FROM ESG_INDEX_LEVELS
  WHERE TO_CHAR(level_date,'YYYY')=TO_CHAR(SYSDATE,'YYYY')
  GROUP BY index_code
),
bn AS (
  SELECT code AS bench_code,
         (MAX(CASE WHEN TO_CHAR(trade_date,'YYYY')=TO_CHAR(SYSDATE,'YYYY') THEN close_adj END) /
          MIN(CASE WHEN TO_CHAR(trade_date,'YYYY')=TO_CHAR(SYSDATE,'YYYY') THEN close_adj END) - 1) AS bench_ytd
  FROM ESG_BENCHMARK_RETURNS
  WHERE TO_CHAR(trade_date,'YYYY')=TO_CHAR(SYSDATE,'YYYY')
  GROUP BY code
)
SELECT idx.index_code, bn.bench_code, idx.idx_ytd, bn.bench_ytd
FROM idx CROSS JOIN bn
;
--------------------------------------------------------
--  DDL for View ESG_SCORE_00
--------------------------------------------------------

  CREATE OR REPLACE FORCE EDITIONABLE VIEW "WKSP_ESGAPEX"."ESG_SCORE_00" ("COUNTRY_CODE", "COUNTRY_NAME", "Max_YEAR", "INDICATOR_NAME") DEFAULT COLLATION "USING_NLS_COMP"  AS 
  SELECT
    wksp_esgapex.wdi_data.country_code,
    wksp_esgapex.wdi_data.country_name,
    MAX(wksp_esgapex.wdi_data.year) AS "Max_YEAR",
    wksp_esgapex.wdi_data.indicator_name
FROM
    wksp_esgapex.wdi_data
WHERE
    wksp_esgapex.wdi_data.country_code = 'GBR'
GROUP BY
    wksp_esgapex.wdi_data.country_code,
    wksp_esgapex.wdi_data.country_name,
    wksp_esgapex.wdi_data.indicator_name
;
--------------------------------------------------------
--  DDL for View ESG_SCORE_01
--------------------------------------------------------

  CREATE OR REPLACE FORCE EDITIONABLE VIEW "WKSP_ESGAPEX"."ESG_SCORE_01" ("COUNTRY_NAME", "INDICATOR_NAME", "Max_YEAR", "INDICATOR_CODE", "VALUE") DEFAULT COLLATION "USING_NLS_COMP"  AS 
  SELECT
    wksp_esgapex.esg_score_00.country_name,
    wksp_esgapex.esg_score_00.indicator_name,
    wksp_esgapex.esg_score_00."Max_YEAR",
    wksp_esgapex.wdi_data.indicator_code,
    wksp_esgapex.wdi_data.value
FROM
    wksp_esgapex.esg_score_00
    LEFT JOIN wksp_esgapex.wdi_data ON wksp_esgapex.esg_score_00.country_name = wksp_esgapex.wdi_data.country_name
                                       AND wksp_esgapex.esg_score_00."Max_YEAR" = wksp_esgapex.wdi_data.year
                                       AND wksp_esgapex.esg_score_00.indicator_name = wksp_esgapex.wdi_data.indicator_name
GROUP BY
    wksp_esgapex.esg_score_00.country_name,
    wksp_esgapex.esg_score_00.indicator_name,
    wksp_esgapex.esg_score_00."Max_YEAR",
    wksp_esgapex.wdi_data.indicator_code,
    wksp_esgapex.wdi_data.value
;
--------------------------------------------------------
--  DDL for View ESG_SCORE_ENVIRONMENTAL
--------------------------------------------------------

  CREATE OR REPLACE FORCE EDITIONABLE VIEW "WKSP_ESGAPEX"."ESG_SCORE_ENVIRONMENTAL" ("COUNTRY_NAME", "INDICATOR_NAME", "Max_YEAR", "INDICATOR_CODE", "VALUE") DEFAULT COLLATION "USING_NLS_COMP"  AS 
  SELECT
    wksp_esgapex.esg_score_01.country_name,
    wksp_esgapex.esg_score_01.indicator_name,
    wksp_esgapex.esg_score_01."Max_YEAR",
    wksp_esgapex.esg_score_01.indicator_code,
    wksp_esgapex.esg_score_01.value
FROM
    wksp_esgapex.esg_score_01
WHERE
    (
        wksp_esgapex.esg_score_01.indicator_code LIKE 'EN.ATM%' OR
        wksp_esgapex.esg_score_01.indicator_code LIKE 'EG.ELC%' OR
        wksp_esgapex.esg_score_01.indicator_code LIKE 'EG.FEC%' OR
        wksp_esgapex.esg_score_01.indicator_code LIKE 'AG.LND.FRST%' OR
        wksp_esgapex.esg_score_01.indicator_code LIKE 'AG.LND.AGRI%' OR
        wksp_esgapex.esg_score_01.indicator_code LIKE 'AG.CON.FERT%' OR
        wksp_esgapex.esg_score_01.indicator_code LIKE 'AG.LND.ARBL%' OR
        wksp_esgapex.esg_score_01.indicator_code LIKE 'AG.LND.IRIG%' OR
        wksp_esgapex.esg_score_01.indicator_code LIKE 'AG.PRD.FOOD%' OR
        wksp_esgapex.esg_score_01.indicator_code LIKE 'AG.PRD.CROP%' OR
        wksp_esgapex.esg_score_01.indicator_code LIKE 'AG.YLD.CREL%' OR
        wksp_esgapex.esg_score_01.indicator_code LIKE 'AG.LND.PRCP%' OR
        wksp_esgapex.esg_score_01.indicator_code LIKE 'AG.SRF.TOTL%' OR
        wksp_esgapex.esg_score_01.indicator_code LIKE 'EN.ATM.CO2E%'
    )
;
--------------------------------------------------------
--  DDL for View ESG_SCORE_GOVERNANCE
--------------------------------------------------------

  CREATE OR REPLACE FORCE EDITIONABLE VIEW "WKSP_ESGAPEX"."ESG_SCORE_GOVERNANCE" ("COUNTRY_NAME", "INDICATOR_NAME", "Max_YEAR", "INDICATOR_CODE", "VALUE") DEFAULT COLLATION "USING_NLS_COMP"  AS 
  SELECT
    country_name,
    indicator_name,
    "Max_YEAR",
    indicator_code,
    value
FROM
    wksp_esgapex.esg_score_01
WHERE
    (
        indicator_code LIKE 'IC.REG.PROC%' OR -- Business startup procedures
        indicator_code LIKE 'IC.REG.DURS%' OR -- Days to start business
        indicator_code LIKE 'IC.BUS.EASE.XQ' OR -- Ease of doing business index
        indicator_code LIKE 'NE.GDI.FTOT.ZS' OR -- Gross domestic investment
        indicator_code LIKE 'GC.TAX.TOTL.GD.ZS' -- Total tax as % of GDP
    )
;
--------------------------------------------------------
--  DDL for View ESG_SCORE_SOCIAL
--------------------------------------------------------

  CREATE OR REPLACE FORCE EDITIONABLE VIEW "WKSP_ESGAPEX"."ESG_SCORE_SOCIAL" ("COUNTRY_NAME", "INDICATOR_NAME", "Max_YEAR", "INDICATOR_CODE", "VALUE") DEFAULT COLLATION "USING_NLS_COMP"  AS 
  SELECT
    country_name,
    indicator_name,
    "Max_YEAR",
    indicator_code,
    value
FROM
    wksp_esgapex.esg_score_01
WHERE
    (
        indicator_code LIKE 'SL.EMP%' OR -- Employment
        indicator_code LIKE 'SL.UEM%' OR -- Unemployment
        indicator_code LIKE 'SE.PRM%' OR -- Primary education
        indicator_code LIKE 'SE.SEC%' OR -- Secondary education
        indicator_code LIKE 'SE.TER%' OR -- Tertiary education
        indicator_code LIKE 'SH.STA%' OR -- Health stats
        indicator_code LIKE 'SH.DTH%' OR -- Death rates
        indicator_code LIKE 'SP.POP.TOTL' OR -- Population
        indicator_code LIKE 'SP.URB%' OR -- Urban population
        indicator_code LIKE 'SM.POP.NETM' -- Net migration
    )
;
--------------------------------------------------------
--  DDL for View NET_GREENHOUSE_GAS_EMISSIONS
--------------------------------------------------------

  CREATE OR REPLACE FORCE EDITIONABLE VIEW "WKSP_ESGAPEX"."NET_GREENHOUSE_GAS_EMISSIONS" ("GEO_LABEL", "TIME", "OBS_VALUE") DEFAULT COLLATION "USING_NLS_COMP"  AS 
  SELECT
    wksp_esgapex.eu_sdg_13_10_net_greenhouse_gas_emissions.geo_label,
    wksp_esgapex.eu_sdg_13_10_net_greenhouse_gas_emissions.time,
    wksp_esgapex.eu_sdg_13_10_net_greenhouse_gas_emissions.obs_value
FROM
    wksp_esgapex.eu_sdg_13_10_net_greenhouse_gas_emissions
WHERE
    wksp_esgapex.eu_sdg_13_10_net_greenhouse_gas_emissions.obs_value IS NOT NULL
GROUP BY
    wksp_esgapex.eu_sdg_13_10_net_greenhouse_gas_emissions.geo_label,
    wksp_esgapex.eu_sdg_13_10_net_greenhouse_gas_emissions.time,
    wksp_esgapex.eu_sdg_13_10_net_greenhouse_gas_emissions.obs_value
ORDER BY
    wksp_esgapex.eu_sdg_13_10_net_greenhouse_gas_emissions.geo_label,
    wksp_esgapex.eu_sdg_13_10_net_greenhouse_gas_emissions.time
;
--------------------------------------------------------
--  DDL for View NET_GREENHOUSE_GAS_EMISSIONS_MAX_YEAR
--------------------------------------------------------

  CREATE OR REPLACE FORCE EDITIONABLE VIEW "WKSP_ESGAPEX"."NET_GREENHOUSE_GAS_EMISSIONS_MAX_YEAR" ("Max_YEAR") DEFAULT COLLATION "USING_NLS_COMP"  AS 
  SELECT
    MAX(wksp_esgapex.net_greenhouse_gas_emissions_new.year) AS "Max_YEAR"
FROM
    wksp_esgapex.net_greenhouse_gas_emissions_new
;
--------------------------------------------------------
--  DDL for View NET_GREENHOUSE_GAS_EMISSIONS_NEW
--------------------------------------------------------

  CREATE OR REPLACE FORCE EDITIONABLE VIEW "WKSP_ESGAPEX"."NET_GREENHOUSE_GAS_EMISSIONS_NEW" ("COUNTRY", "YEAR", "VALUE") DEFAULT COLLATION "USING_NLS_COMP"  AS 
  SELECT
    geo_label AS country,
    time AS year,
    obs_value AS value
FROM
    wksp_esgapex.NET_GREENHOUSE_GAS_EMISSIONS
WHERE
    obs_value IS NOT NULL
ORDER BY
    geo_label, time
;
--------------------------------------------------------
--  DDL for View SC_CHUNKS
--------------------------------------------------------

  CREATE OR REPLACE FORCE EDITIONABLE VIEW "WKSP_ESGAPEX"."SC_CHUNKS" ("URL", "TITLE", "CHUNK", "EMBEDDING") DEFAULT COLLATION "USING_NLS_COMP"  AS 
  select
      SOURCE_URL as URL,
      TITLE,
      CHUNK_TEXT as CHUNK,
      EMBEDDING
    from ESG_DOCS
;
--------------------------------------------------------
--  DDL for View TECH11_AI_GOV_ETH_PERF_00
--------------------------------------------------------

  CREATE OR REPLACE FORCE EDITIONABLE VIEW "WKSP_ESGAPEX"."TECH11_AI_GOV_ETH_PERF_00" ("COMPANY_NAME", "TICKER") DEFAULT COLLATION "USING_NLS_COMP"  AS 
  SELECT
    wksp_esgapex.tech11_ai_gov_eth_index.company_name,
    wksp_esgapex.tech11_ai_gov_eth_index.ticker
FROM
    wksp_esgapex.tech11_ai_gov_eth_index
WHERE
    wksp_esgapex.tech11_ai_gov_eth_index.rank_index <= 25
GROUP BY
    wksp_esgapex.tech11_ai_gov_eth_index.company_name,
    wksp_esgapex.tech11_ai_gov_eth_index.ticker
;
--------------------------------------------------------
--  DDL for View V_NEWS_ALL
--------------------------------------------------------

  CREATE OR REPLACE FORCE EDITIONABLE VIEW "WKSP_ESGAPEX"."V_NEWS_ALL" ("ITEM_TABLE", "ITEM_ID", "DT_PUB", "TICKER", "TITLE", "URL", "SOURCE_NAME", "BODY", "PILLAR_TAGS", "FULL_TEXT") DEFAULT COLLATION "USING_NLS_COMP"  AS 
  SELECT
  'NEWS_ITEMS' AS item_table,
  ni.id        AS item_id,
  CAST(ni.dt_pub AS timestamp)    AS dt_pub,
  ni.ticker,
  ni.title,
  ni.url,
  ni.source    AS source_name,
  ni.summary   AS body,
  ni.pillar_tags,
  NULL         AS full_text
FROM NEWS_ITEMS ni
UNION ALL
SELECT
  'ESG_NEWS'   AS item_table,
  en.id        AS item_id,
  CAST(en.date_published AS timestamp) AS dt_pub,
  NULL         AS ticker,
  en.title,
  en.url,
  en.source    AS source_name,
  SUBSTR(en.text, 1, 4000) AS body,
  NULL         AS pillar_tags,
  en.text      AS full_text
FROM ESG_NEWS en
;
--------------------------------------------------------
--  DDL for View V_NEWS_ENRICHED
--------------------------------------------------------

  CREATE OR REPLACE FORCE EDITIONABLE VIEW "WKSP_ESGAPEX"."V_NEWS_ENRICHED" ("ITEM_TABLE", "ITEM_ID", "DT_PUB", "TICKER", "TITLE", "URL", "SOURCE_NAME", "BODY", "PILLAR_TAGS", "CATEGORIES", "TAGS", "TICKERS") DEFAULT COLLATION "USING_NLS_COMP"  AS 
  WITH base AS (
  SELECT a.* FROM V_NEWS_ALL a
)
SELECT
  b.item_table,
  b.item_id,
  b.dt_pub,
  b.ticker,
  b.title,
  b.url,
  b.source_name,
  b.body,
  b.pillar_tags,
  (SELECT LISTAGG(c.name, ', ') WITHIN GROUP (ORDER BY c.name)
     FROM NEWS_ITEM_CATEGORIES nic
     JOIN NEWS_CATEGORIES c ON c.category_id = nic.category_id
    WHERE nic.item_table=b.item_table AND nic.item_id=b.item_id) AS categories,
  (SELECT LISTAGG(t.name, ', ') WITHIN GROUP (ORDER BY t.name)
     FROM NEWS_ITEM_TAGS nit
     JOIN NEWS_TAGS t ON t.tag_id = nit.tag_id
    WHERE nit.item_table=b.item_table AND nit.item_id=b.item_id) AS tags,
  (SELECT LISTAGG(nt.ticker, ', ') WITHIN GROUP (ORDER BY nt.ticker)
     FROM NEWS_ITEM_TICKERS nt
    WHERE nt.item_table=b.item_table AND nt.item_id=b.item_id) AS tickers
FROM base b
;
--------------------------------------------------------
--  DDL for View V_NEWS_RECENT
--------------------------------------------------------

  CREATE OR REPLACE FORCE EDITIONABLE VIEW "WKSP_ESGAPEX"."V_NEWS_RECENT" ("ITEM_TABLE", "ITEM_ID", "DT_PUB", "TICKER", "TITLE", "URL", "SOURCE_NAME", "BODY", "PILLAR_TAGS", "CATEGORIES", "TAGS", "TICKERS") DEFAULT COLLATION "USING_NLS_COMP"  AS 
  SELECT "ITEM_TABLE","ITEM_ID","DT_PUB","TICKER","TITLE","URL","SOURCE_NAME","BODY","PILLAR_TAGS","CATEGORIES","TAGS","TICKERS"
FROM V_NEWS_ENRICHED
ORDER BY dt_pub DESC
;
--------------------------------------------------------
--  DDL for View V_NEWS_SEARCH
--------------------------------------------------------

  CREATE OR REPLACE FORCE EDITIONABLE VIEW "WKSP_ESGAPEX"."V_NEWS_SEARCH" ("ITEM_TABLE", "ITEM_ID", "DT_PUB", "TICKER", "TITLE", "URL", "SOURCE_NAME", "BODY", "PILLAR_TAGS", "CATEGORIES", "TAGS", "TICKERS") DEFAULT COLLATION "USING_NLS_COMP"  AS 
  SELECT
  item_table, item_id, dt_pub, ticker, title, url, source_name, body, pillar_tags, categories, tags, tickers
FROM V_NEWS_ENRICHED
ORDER BY dt_pub DESC
;
--------------------------------------------------------
--  DDL for View V_TECH100_NEWS
--------------------------------------------------------

  CREATE OR REPLACE FORCE EDITIONABLE VIEW "WKSP_ESGAPEX"."V_TECH100_NEWS" ("ID", "DT_PUB", "TICKER", "TITLE", "URL", "SOURCE", "SUMMARY", "PILLAR_TAGS") DEFAULT COLLATION "USING_NLS_COMP"  AS 
  SELECT id, dt_pub, ticker, title, url, source, summary, pillar_tags
FROM news_items
ORDER BY dt_pub DESC
;
--------------------------------------------------------
--  DDL for Index PK_NEWS_ITEM_TAGS
--------------------------------------------------------

  CREATE UNIQUE INDEX "WKSP_ESGAPEX"."PK_NEWS_ITEM_TAGS" ON "WKSP_ESGAPEX"."NEWS_ITEM_TAGS" ("ITEM_TABLE", "ITEM_ID", "TAG_ID") 
  PCTFREE 10 INITRANS 20 MAXTRANS 255 COMPUTE STATISTICS 
  STORAGE(INITIAL 65536 NEXT 1048576 MINEXTENTS 1 MAXEXTENTS 2147483645
  PCTINCREASE 0 FREELISTS 1 FREELIST GROUPS 1
  BUFFER_POOL DEFAULT FLASH_CACHE DEFAULT CELL_FLASH_CACHE DEFAULT)
  TABLESPACE "DATA" ;
--------------------------------------------------------
--  DDL for Index DR$X_ESG_NEWS_TITLE_FT$KD
--------------------------------------------------------

  CREATE UNIQUE INDEX "WKSP_ESGAPEX"."DR$X_ESG_NEWS_TITLE_FT$KD" ON "WKSP_ESGAPEX"."DR$X_ESG_NEWS_TITLE_FT$K" ("DOCID", "TEXTKEY") 
  PCTFREE 10 INITRANS 2 MAXTRANS 255 COMPUTE STATISTICS 
  STORAGE(INITIAL 65536 NEXT 1048576 MINEXTENTS 1 MAXEXTENTS 2147483645
  PCTINCREASE 0 FREELISTS 1 FREELIST GROUPS 1
  BUFFER_POOL DEFAULT FLASH_CACHE DEFAULT CELL_FLASH_CACHE DEFAULT)
  TABLESPACE "DATA" ;
--------------------------------------------------------
--  DDL for Index X_NEWS_ITEMS_FT
--------------------------------------------------------

  CREATE INDEX "WKSP_ESGAPEX"."X_NEWS_ITEMS_FT" ON "WKSP_ESGAPEX"."NEWS_ITEMS" ("TITLE") 
   INDEXTYPE IS "CTXSYS"."CONTEXT"  PARAMETERS ('LEXER SC_LEXER STORAGE SC_STORAGE SECTION GROUP CTXSYS.NULL_SECTION_GROUP SYNC (ON COMMIT)');
--------------------------------------------------------
--  DDL for Index DR$X_ESG_NEWS_TITLE_FT$X
--------------------------------------------------------

  CREATE INDEX "WKSP_ESGAPEX"."DR$X_ESG_NEWS_TITLE_FT$X" ON "WKSP_ESGAPEX"."DR$X_ESG_NEWS_TITLE_FT$I" ("TOKEN_TEXT", "TOKEN_TYPE", "TOKEN_FIRST", "TOKEN_LAST", "TOKEN_COUNT") 
  PCTFREE 10 INITRANS 2 MAXTRANS 255 COMPUTE STATISTICS COMPRESS 2 
  STORAGE(INITIAL 65536 NEXT 1048576 MINEXTENTS 1 MAXEXTENTS 2147483645
  PCTINCREASE 0 FREELISTS 1 FREELIST GROUPS 1
  BUFFER_POOL DEFAULT FLASH_CACHE DEFAULT CELL_FLASH_CACHE DEFAULT)
  TABLESPACE "DATA" ;
--------------------------------------------------------
--  DDL for Index PK_IDX_CONST_PRICES
--------------------------------------------------------

  CREATE UNIQUE INDEX "WKSP_ESGAPEX"."PK_IDX_CONST_PRICES" ON "WKSP_ESGAPEX"."INDEX_CONSTITUENT_PRICES" ("PRICE_DATE", "TICKER") 
  PCTFREE 10 INITRANS 20 MAXTRANS 255 COMPUTE STATISTICS 
  STORAGE(INITIAL 65536 NEXT 1048576 MINEXTENTS 1 MAXEXTENTS 2147483645
  PCTINCREASE 0 FREELISTS 1 FREELIST GROUPS 1
  BUFFER_POOL DEFAULT FLASH_CACHE DEFAULT CELL_FLASH_CACHE DEFAULT)
  TABLESPACE "DATA" ;
--------------------------------------------------------
--  DDL for Index IX_NEWS_ITEMS_DT
--------------------------------------------------------

  CREATE INDEX "WKSP_ESGAPEX"."IX_NEWS_ITEMS_DT" ON "WKSP_ESGAPEX"."NEWS_ITEMS" (SYS_EXTRACT_UTC("DT_PUB")) 
  PCTFREE 10 INITRANS 20 MAXTRANS 255 COMPUTE STATISTICS 
  TABLESPACE "DATA" ;
--------------------------------------------------------
--  DDL for Index IDX_PRICES_PK
--------------------------------------------------------

  CREATE UNIQUE INDEX "WKSP_ESGAPEX"."IDX_PRICES_PK" ON "WKSP_ESGAPEX"."INDEX_STOCK_PRICES" ("PRICE_DATE", "TICKER") 
  PCTFREE 10 INITRANS 20 MAXTRANS 255 COMPUTE STATISTICS 
  STORAGE(INITIAL 65536 NEXT 1048576 MINEXTENTS 1 MAXEXTENTS 2147483645
  PCTINCREASE 0 FREELISTS 1 FREELIST GROUPS 1
  BUFFER_POOL DEFAULT FLASH_CACHE DEFAULT CELL_FLASH_CACHE DEFAULT)
  TABLESPACE "DATA" ;
--------------------------------------------------------
--  DDL for Index EBA_DEMO_CHART_STATS_PK
--------------------------------------------------------

  CREATE UNIQUE INDEX "WKSP_ESGAPEX"."EBA_DEMO_CHART_STATS_PK" ON "WKSP_ESGAPEX"."EBA_DEMO_CHART_STATS" ("ID") 
  PCTFREE 10 INITRANS 20 MAXTRANS 255 COMPUTE STATISTICS 
  STORAGE(INITIAL 65536 NEXT 1048576 MINEXTENTS 1 MAXEXTENTS 2147483645
  PCTINCREASE 0 FREELISTS 1 FREELIST GROUPS 1
  BUFFER_POOL DEFAULT FLASH_CACHE DEFAULT CELL_FLASH_CACHE DEFAULT)
  TABLESPACE "DATA" ;
--------------------------------------------------------
--  DDL for Index EBA_DEMO_SAMPLES_PK
--------------------------------------------------------

  CREATE UNIQUE INDEX "WKSP_ESGAPEX"."EBA_DEMO_SAMPLES_PK" ON "WKSP_ESGAPEX"."EBA_DEMO_CHART_SAMPLE_NAMES" ("ID") 
  PCTFREE 10 INITRANS 20 MAXTRANS 255 COMPUTE STATISTICS 
  STORAGE(INITIAL 65536 NEXT 1048576 MINEXTENTS 1 MAXEXTENTS 2147483645
  PCTINCREASE 0 FREELISTS 1 FREELIST GROUPS 1
  BUFFER_POOL DEFAULT FLASH_CACHE DEFAULT CELL_FLASH_CACHE DEFAULT)
  TABLESPACE "DATA" ;
--------------------------------------------------------
--  DDL for Index EBA_DEMO_SAMPLE_DATA_PK
--------------------------------------------------------

  CREATE UNIQUE INDEX "WKSP_ESGAPEX"."EBA_DEMO_SAMPLE_DATA_PK" ON "WKSP_ESGAPEX"."EBA_DEMO_CHART_SAMPLE_DATA" ("ID") 
  PCTFREE 10 INITRANS 20 MAXTRANS 255 COMPUTE STATISTICS 
  STORAGE(INITIAL 65536 NEXT 1048576 MINEXTENTS 1 MAXEXTENTS 2147483645
  PCTINCREASE 0 FREELISTS 1 FREELIST GROUPS 1
  BUFFER_POOL DEFAULT FLASH_CACHE DEFAULT CELL_FLASH_CACHE DEFAULT)
  TABLESPACE "DATA" ;
--------------------------------------------------------
--  DDL for Index EBA_DEMO_CHART_STATS_2
--------------------------------------------------------

  CREATE INDEX "WKSP_ESGAPEX"."EBA_DEMO_CHART_STATS_2" ON "WKSP_ESGAPEX"."EBA_DEMO_CHART_STATS" ("EMPLOYER") 
  PCTFREE 10 INITRANS 20 MAXTRANS 255 COMPUTE STATISTICS 
  STORAGE(INITIAL 65536 NEXT 1048576 MINEXTENTS 1 MAXEXTENTS 2147483645
  PCTINCREASE 0 FREELISTS 1 FREELIST GROUPS 1
  BUFFER_POOL DEFAULT FLASH_CACHE DEFAULT CELL_FLASH_CACHE DEFAULT)
  TABLESPACE "DATA" ;
--------------------------------------------------------
--  DDL for Index EBA_DEMO_CHART_SAMPLE_IDX1
--------------------------------------------------------

  CREATE INDEX "WKSP_ESGAPEX"."EBA_DEMO_CHART_SAMPLE_IDX1" ON "WKSP_ESGAPEX"."EBA_DEMO_CHART_SAMPLE_DATA" ("SAMPLE_ID") 
  PCTFREE 10 INITRANS 20 MAXTRANS 255 COMPUTE STATISTICS 
  STORAGE(INITIAL 65536 NEXT 1048576 MINEXTENTS 1 MAXEXTENTS 2147483645
  PCTINCREASE 0 FREELISTS 1 FREELIST GROUPS 1
  BUFFER_POOL DEFAULT FLASH_CACHE DEFAULT CELL_FLASH_CACHE DEFAULT)
  TABLESPACE "DATA" ;
--------------------------------------------------------
--  DDL for Index VECTOR$ESG_DOCS_HNSW$165913_172112_0$HNSW_SHARED_JOURNAL_IDX
--------------------------------------------------------

  CREATE INDEX "WKSP_ESGAPEX"."VECTOR$ESG_DOCS_HNSW$165913_172112_0$HNSW_SHARED_JOURNAL_IDX" ON "WKSP_ESGAPEX"."VECTOR$ESG_DOCS_HNSW$165913_172112_0$HNSW_SHARED_JOURNAL_CHANGE_LOG" ("USN", "SLOT", "SEQ", "DML_OP") 
  PCTFREE 10 INITRANS 2 MAXTRANS 255 
  STORAGE(
  BUFFER_POOL DEFAULT FLASH_CACHE DEFAULT CELL_FLASH_CACHE DEFAULT)
  TABLESPACE "DATA"  LOCAL
 (PARTITION "P1" NOCOMPRESS 
  PCTFREE 10 INITRANS 2 MAXTRANS 255 LOGGING 
  STORAGE(INITIAL 65536 NEXT 1048576 MINEXTENTS 1 MAXEXTENTS 2147483645
  PCTINCREASE 0 FREELISTS 1 FREELIST GROUPS 1
  BUFFER_POOL DEFAULT FLASH_CACHE DEFAULT CELL_FLASH_CACHE DEFAULT)
  TABLESPACE "DATA" ) ;
--------------------------------------------------------
--  DDL for Index ESG_SCORES_PK
--------------------------------------------------------

  CREATE UNIQUE INDEX "WKSP_ESGAPEX"."ESG_SCORES_PK" ON "WKSP_ESGAPEX"."ESG_SCORES" ("COMPANY", "SCORE_DATE") 
  PCTFREE 10 INITRANS 20 MAXTRANS 255 
  TABLESPACE "DATA" ;
--------------------------------------------------------
--  DDL for Index EBA_DEMO_CHART_ORD_2
--------------------------------------------------------

  CREATE INDEX "WKSP_ESGAPEX"."EBA_DEMO_CHART_ORD_2" ON "WKSP_ESGAPEX"."EBA_DEMO_CHART_ORDERS" ("PRODUCT_ID") 
  PCTFREE 10 INITRANS 20 MAXTRANS 255 COMPUTE STATISTICS 
  STORAGE(INITIAL 65536 NEXT 1048576 MINEXTENTS 1 MAXEXTENTS 2147483645
  PCTINCREASE 0 FREELISTS 1 FREELIST GROUPS 1
  BUFFER_POOL DEFAULT FLASH_CACHE DEFAULT CELL_FLASH_CACHE DEFAULT)
  TABLESPACE "DATA" ;
--------------------------------------------------------
--  DDL for Index ESG_CONS_PRICES_PK
--------------------------------------------------------

  CREATE UNIQUE INDEX "WKSP_ESGAPEX"."ESG_CONS_PRICES_PK" ON "WKSP_ESGAPEX"."ESG_CONSTITUENT_PRICES" ("INDEX_CODE", "TICKER", "TRADE_DATE") 
  PCTFREE 10 INITRANS 20 MAXTRANS 255 
  TABLESPACE "DATA" ;
--------------------------------------------------------
--  DDL for Index IDX_RETURNS_PK
--------------------------------------------------------

  CREATE UNIQUE INDEX "WKSP_ESGAPEX"."IDX_RETURNS_PK" ON "WKSP_ESGAPEX"."INDEX_DAILY_RETURNS" ("INDEX_DATE", "TICKER") 
  PCTFREE 10 INITRANS 20 MAXTRANS 255 
  TABLESPACE "DATA" ;
--------------------------------------------------------
--  DDL for Index EBA_DEMO_CHART_STOCKS_PK
--------------------------------------------------------

  CREATE UNIQUE INDEX "WKSP_ESGAPEX"."EBA_DEMO_CHART_STOCKS_PK" ON "WKSP_ESGAPEX"."EBA_DEMO_CHART_STOCKS" ("ID") 
  PCTFREE 10 INITRANS 20 MAXTRANS 255 COMPUTE STATISTICS 
  STORAGE(INITIAL 65536 NEXT 1048576 MINEXTENTS 1 MAXEXTENTS 2147483645
  PCTINCREASE 0 FREELISTS 1 FREELIST GROUPS 1
  BUFFER_POOL DEFAULT FLASH_CACHE DEFAULT CELL_FLASH_CACHE DEFAULT)
  TABLESPACE "DATA" ;
--------------------------------------------------------
--  DDL for Index EBA_DEMO_CHART_EMP_1
--------------------------------------------------------

  CREATE INDEX "WKSP_ESGAPEX"."EBA_DEMO_CHART_EMP_1" ON "WKSP_ESGAPEX"."EBA_DEMO_CHART_EMP" ("MGR") 
  PCTFREE 10 INITRANS 20 MAXTRANS 255 COMPUTE STATISTICS 
  STORAGE(INITIAL 65536 NEXT 1048576 MINEXTENTS 1 MAXEXTENTS 2147483645
  PCTINCREASE 0 FREELISTS 1 FREELIST GROUPS 1
  BUFFER_POOL DEFAULT FLASH_CACHE DEFAULT CELL_FLASH_CACHE DEFAULT)
  TABLESPACE "DATA" ;
--------------------------------------------------------
--  DDL for Index PK_NEWS_ITEM_TICKERS
--------------------------------------------------------

  CREATE UNIQUE INDEX "WKSP_ESGAPEX"."PK_NEWS_ITEM_TICKERS" ON "WKSP_ESGAPEX"."NEWS_ITEM_TICKERS" ("ITEM_TABLE", "ITEM_ID", "TICKER") 
  PCTFREE 10 INITRANS 20 MAXTRANS 255 COMPUTE STATISTICS 
  STORAGE(INITIAL 65536 NEXT 1048576 MINEXTENTS 1 MAXEXTENTS 2147483645
  PCTINCREASE 0 FREELISTS 1 FREELIST GROUPS 1
  BUFFER_POOL DEFAULT FLASH_CACHE DEFAULT CELL_FLASH_CACHE DEFAULT)
  TABLESPACE "DATA" ;
--------------------------------------------------------
--  DDL for Index EBA_DEMO_CHART_BBALL_PK
--------------------------------------------------------

  CREATE UNIQUE INDEX "WKSP_ESGAPEX"."EBA_DEMO_CHART_BBALL_PK" ON "WKSP_ESGAPEX"."EBA_DEMO_CHART_BBALL" ("ID") 
  PCTFREE 10 INITRANS 20 MAXTRANS 255 COMPUTE STATISTICS 
  STORAGE(INITIAL 65536 NEXT 1048576 MINEXTENTS 1 MAXEXTENTS 2147483645
  PCTINCREASE 0 FREELISTS 1 FREELIST GROUPS 1
  BUFFER_POOL DEFAULT FLASH_CACHE DEFAULT CELL_FLASH_CACHE DEFAULT)
  TABLESPACE "DATA" ;
--------------------------------------------------------
--  DDL for Index EBA_DEMO_CHART_TASKS_IDX1
--------------------------------------------------------

  CREATE INDEX "WKSP_ESGAPEX"."EBA_DEMO_CHART_TASKS_IDX1" ON "WKSP_ESGAPEX"."EBA_DEMO_CHART_TASKS" ("PROJECT") 
  PCTFREE 10 INITRANS 20 MAXTRANS 255 COMPUTE STATISTICS 
  STORAGE(INITIAL 65536 NEXT 1048576 MINEXTENTS 1 MAXEXTENTS 2147483645
  PCTINCREASE 0 FREELISTS 1 FREELIST GROUPS 1
  BUFFER_POOL DEFAULT FLASH_CACHE DEFAULT CELL_FLASH_CACHE DEFAULT)
  TABLESPACE "DATA" ;
--------------------------------------------------------
--  DDL for Index ESG_INDEX_LEVELS_PK
--------------------------------------------------------

  CREATE UNIQUE INDEX "WKSP_ESGAPEX"."ESG_INDEX_LEVELS_PK" ON "WKSP_ESGAPEX"."ESG_INDEX_LEVELS" ("INDEX_CODE", "LEVEL_DATE") 
  PCTFREE 10 INITRANS 20 MAXTRANS 255 COMPUTE STATISTICS 
  STORAGE(INITIAL 65536 NEXT 1048576 MINEXTENTS 1 MAXEXTENTS 2147483645
  PCTINCREASE 0 FREELISTS 1 FREELIST GROUPS 1
  BUFFER_POOL DEFAULT FLASH_CACHE DEFAULT CELL_FLASH_CACHE DEFAULT)
  TABLESPACE "DATA" ;
--------------------------------------------------------
--  DDL for Index IX_ESG_NEWS_DATE
--------------------------------------------------------

  CREATE INDEX "WKSP_ESGAPEX"."IX_ESG_NEWS_DATE" ON "WKSP_ESGAPEX"."ESG_NEWS" ("DATE_PUBLISHED") 
  PCTFREE 10 INITRANS 20 MAXTRANS 255 COMPUTE STATISTICS 
  STORAGE(INITIAL 65536 NEXT 1048576 MINEXTENTS 1 MAXEXTENTS 2147483645
  PCTINCREASE 0 FREELISTS 1 FREELIST GROUPS 1
  BUFFER_POOL DEFAULT FLASH_CACHE DEFAULT CELL_FLASH_CACHE DEFAULT)
  TABLESPACE "DATA" ;
--------------------------------------------------------
--  DDL for Index DR$X_NEWS_ITEMS_FT$KR
--------------------------------------------------------

  CREATE UNIQUE INDEX "WKSP_ESGAPEX"."DR$X_NEWS_ITEMS_FT$KR" ON "WKSP_ESGAPEX"."DR$X_NEWS_ITEMS_FT$K" ("TEXTKEY", "DOCID") 
  PCTFREE 10 INITRANS 2 MAXTRANS 255 COMPUTE STATISTICS 
  TABLESPACE "DATA" ;
--------------------------------------------------------
--  DDL for Index ESG_ATTRIB_PK
--------------------------------------------------------

  CREATE UNIQUE INDEX "WKSP_ESGAPEX"."ESG_ATTRIB_PK" ON "WKSP_ESGAPEX"."ESG_ATTRIBUTION_DAILY" ("CALC_DATE", "INDEX_CODE", "BENCH_CODE", "SECTOR") 
  PCTFREE 10 INITRANS 20 MAXTRANS 255 
  TABLESPACE "DATA" ;
--------------------------------------------------------
--  DDL for Index PK_AIGES_SCORES
--------------------------------------------------------

  CREATE UNIQUE INDEX "WKSP_ESGAPEX"."PK_AIGES_SCORES" ON "WKSP_ESGAPEX"."AIGES_SCORES" ("ASOF", "TICKER") 
  PCTFREE 10 INITRANS 20 MAXTRANS 255 COMPUTE STATISTICS 
  STORAGE(INITIAL 65536 NEXT 1048576 MINEXTENTS 1 MAXEXTENTS 2147483645
  PCTINCREASE 0 FREELISTS 1 FREELIST GROUPS 1
  BUFFER_POOL DEFAULT FLASH_CACHE DEFAULT CELL_FLASH_CACHE DEFAULT)
  TABLESPACE "DATA" ;
--------------------------------------------------------
--  DDL for Index EBA_DEMO_CHART_TASKS_PK
--------------------------------------------------------

  CREATE UNIQUE INDEX "WKSP_ESGAPEX"."EBA_DEMO_CHART_TASKS_PK" ON "WKSP_ESGAPEX"."EBA_DEMO_CHART_TASKS" ("ID") 
  PCTFREE 10 INITRANS 20 MAXTRANS 255 COMPUTE STATISTICS 
  STORAGE(INITIAL 65536 NEXT 1048576 MINEXTENTS 1 MAXEXTENTS 2147483645
  PCTINCREASE 0 FREELISTS 1 FREELIST GROUPS 1
  BUFFER_POOL DEFAULT FLASH_CACHE DEFAULT CELL_FLASH_CACHE DEFAULT)
  TABLESPACE "DATA" ;
--------------------------------------------------------
--  DDL for Index EBA_DEMO_CHART_STATS_1
--------------------------------------------------------

  CREATE INDEX "WKSP_ESGAPEX"."EBA_DEMO_CHART_STATS_1" ON "WKSP_ESGAPEX"."EBA_DEMO_CHART_STATS" ("EMPLOYEE") 
  PCTFREE 10 INITRANS 20 MAXTRANS 255 COMPUTE STATISTICS 
  STORAGE(INITIAL 65536 NEXT 1048576 MINEXTENTS 1 MAXEXTENTS 2147483645
  PCTINCREASE 0 FREELISTS 1 FREELIST GROUPS 1
  BUFFER_POOL DEFAULT FLASH_CACHE DEFAULT CELL_FLASH_CACHE DEFAULT)
  TABLESPACE "DATA" ;
--------------------------------------------------------
--  DDL for Index EBA_DEMO_CHART_EMP_2
--------------------------------------------------------

  CREATE INDEX "WKSP_ESGAPEX"."EBA_DEMO_CHART_EMP_2" ON "WKSP_ESGAPEX"."EBA_DEMO_CHART_EMP" ("DEPTNO") 
  PCTFREE 10 INITRANS 20 MAXTRANS 255 COMPUTE STATISTICS 
  STORAGE(INITIAL 65536 NEXT 1048576 MINEXTENTS 1 MAXEXTENTS 2147483645
  PCTINCREASE 0 FREELISTS 1 FREELIST GROUPS 1
  BUFFER_POOL DEFAULT FLASH_CACHE DEFAULT CELL_FLASH_CACHE DEFAULT)
  TABLESPACE "DATA" ;
--------------------------------------------------------
--  DDL for Index X_ESG_NEWS_TEXT_FT
--------------------------------------------------------

  CREATE INDEX "WKSP_ESGAPEX"."X_ESG_NEWS_TEXT_FT" ON "WKSP_ESGAPEX"."ESG_NEWS" ("TEXT") 
   INDEXTYPE IS "CTXSYS"."CONTEXT"  PARAMETERS ('LEXER SC_LEXER STORAGE SC_STORAGE SECTION GROUP CTXSYS.NULL_SECTION_GROUP SYNC (ON COMMIT)');
--------------------------------------------------------
--  DDL for Index EBA_DEMO_CHART_EMP_PK
--------------------------------------------------------

  CREATE UNIQUE INDEX "WKSP_ESGAPEX"."EBA_DEMO_CHART_EMP_PK" ON "WKSP_ESGAPEX"."EBA_DEMO_CHART_EMP" ("EMPNO") 
  PCTFREE 10 INITRANS 20 MAXTRANS 255 COMPUTE STATISTICS 
  STORAGE(INITIAL 65536 NEXT 1048576 MINEXTENTS 1 MAXEXTENTS 2147483645
  PCTINCREASE 0 FREELISTS 1 FREELIST GROUPS 1
  BUFFER_POOL DEFAULT FLASH_CACHE DEFAULT CELL_FLASH_CACHE DEFAULT)
  TABLESPACE "DATA" ;
--------------------------------------------------------
--  DDL for Index EBA_DEMO_CHART_ORDER_PK
--------------------------------------------------------

  CREATE UNIQUE INDEX "WKSP_ESGAPEX"."EBA_DEMO_CHART_ORDER_PK" ON "WKSP_ESGAPEX"."EBA_DEMO_CHART_ORDERS" ("ORDER_ID") 
  PCTFREE 10 INITRANS 20 MAXTRANS 255 COMPUTE STATISTICS 
  STORAGE(INITIAL 65536 NEXT 1048576 MINEXTENTS 1 MAXEXTENTS 2147483645
  PCTINCREASE 0 FREELISTS 1 FREELIST GROUPS 1
  BUFFER_POOL DEFAULT FLASH_CACHE DEFAULT CELL_FLASH_CACHE DEFAULT)
  TABLESPACE "DATA" ;
--------------------------------------------------------
--  DDL for Index EBA_DEMO_CHART_BBALL_1
--------------------------------------------------------

  CREATE INDEX "WKSP_ESGAPEX"."EBA_DEMO_CHART_BBALL_1" ON "WKSP_ESGAPEX"."EBA_DEMO_CHART_BBALL" ("WINS") 
  PCTFREE 10 INITRANS 20 MAXTRANS 255 COMPUTE STATISTICS 
  STORAGE(INITIAL 65536 NEXT 1048576 MINEXTENTS 1 MAXEXTENTS 2147483645
  PCTINCREASE 0 FREELISTS 1 FREELIST GROUPS 1
  BUFFER_POOL DEFAULT FLASH_CACHE DEFAULT CELL_FLASH_CACHE DEFAULT)
  TABLESPACE "DATA" ;
--------------------------------------------------------
--  DDL for Index X_NEWS_ITEMS_SUMMARY_FT
--------------------------------------------------------

  CREATE INDEX "WKSP_ESGAPEX"."X_NEWS_ITEMS_SUMMARY_FT" ON "WKSP_ESGAPEX"."NEWS_ITEMS" ("SUMMARY") 
   INDEXTYPE IS "CTXSYS"."CONTEXT"  PARAMETERS ('LEXER SC_LEXER STORAGE SC_STORAGE SECTION GROUP CTXSYS.NULL_SECTION_GROUP SYNC (ON COMMIT)');
--------------------------------------------------------
--  DDL for Index DR$X_NEWS_ITEMS_SUMMARY_FT$X
--------------------------------------------------------

  CREATE INDEX "WKSP_ESGAPEX"."DR$X_NEWS_ITEMS_SUMMARY_FT$X" ON "WKSP_ESGAPEX"."DR$X_NEWS_ITEMS_SUMMARY_FT$I" ("TOKEN_TEXT", "TOKEN_TYPE", "TOKEN_FIRST", "TOKEN_LAST", "TOKEN_COUNT") 
  PCTFREE 10 INITRANS 2 MAXTRANS 255 COMPUTE STATISTICS COMPRESS 2 
  TABLESPACE "DATA" ;
--------------------------------------------------------
--  DDL for Index ESG_NEWS_UK
--------------------------------------------------------

  CREATE UNIQUE INDEX "WKSP_ESGAPEX"."ESG_NEWS_UK" ON "WKSP_ESGAPEX"."ESG_NEWS" ("COMPANY", "URL", "DATE_PUBLISHED") 
  PCTFREE 10 INITRANS 20 MAXTRANS 255 COMPUTE STATISTICS 
  STORAGE(INITIAL 65536 NEXT 1048576 MINEXTENTS 1 MAXEXTENTS 2147483645
  PCTINCREASE 0 FREELISTS 1 FREELIST GROUPS 1
  BUFFER_POOL DEFAULT FLASH_CACHE DEFAULT CELL_FLASH_CACHE DEFAULT)
  TABLESPACE "DATA" ;
--------------------------------------------------------
--  DDL for Index PK_CONSTITUENTS
--------------------------------------------------------

  CREATE UNIQUE INDEX "WKSP_ESGAPEX"."PK_CONSTITUENTS" ON "WKSP_ESGAPEX"."INDEX_CONSTITUENTS" ("INDEX_DATE", "TICKER") 
  PCTFREE 10 INITRANS 20 MAXTRANS 255 COMPUTE STATISTICS 
  STORAGE(INITIAL 65536 NEXT 1048576 MINEXTENTS 1 MAXEXTENTS 2147483645
  PCTINCREASE 0 FREELISTS 1 FREELIST GROUPS 1
  BUFFER_POOL DEFAULT FLASH_CACHE DEFAULT CELL_FLASH_CACHE DEFAULT)
  TABLESPACE "DATA" ;
--------------------------------------------------------
--  DDL for Index EBA_DEMO_CHARTS_PROJ_PK
--------------------------------------------------------

  CREATE UNIQUE INDEX "WKSP_ESGAPEX"."EBA_DEMO_CHARTS_PROJ_PK" ON "WKSP_ESGAPEX"."EBA_DEMO_CHART_PROJECTS" ("ID") 
  PCTFREE 10 INITRANS 20 MAXTRANS 255 COMPUTE STATISTICS 
  STORAGE(INITIAL 65536 NEXT 1048576 MINEXTENTS 1 MAXEXTENTS 2147483645
  PCTINCREASE 0 FREELISTS 1 FREELIST GROUPS 1
  BUFFER_POOL DEFAULT FLASH_CACHE DEFAULT CELL_FLASH_CACHE DEFAULT)
  TABLESPACE "DATA" ;
--------------------------------------------------------
--  DDL for Index EBA_DEMO_CHART_DEPT_PK
--------------------------------------------------------

  CREATE UNIQUE INDEX "WKSP_ESGAPEX"."EBA_DEMO_CHART_DEPT_PK" ON "WKSP_ESGAPEX"."EBA_DEMO_CHART_DEPT" ("DEPTNO") 
  PCTFREE 10 INITRANS 20 MAXTRANS 255 COMPUTE STATISTICS 
  STORAGE(INITIAL 65536 NEXT 1048576 MINEXTENTS 1 MAXEXTENTS 2147483645
  PCTINCREASE 0 FREELISTS 1 FREELIST GROUPS 1
  BUFFER_POOL DEFAULT FLASH_CACHE DEFAULT CELL_FLASH_CACHE DEFAULT)
  TABLESPACE "DATA" ;
--------------------------------------------------------
--  DDL for Index EBA_DEMO_CHART_STATS_3
--------------------------------------------------------

  CREATE INDEX "WKSP_ESGAPEX"."EBA_DEMO_CHART_STATS_3" ON "WKSP_ESGAPEX"."EBA_DEMO_CHART_STATS" ("TOTAL") 
  PCTFREE 10 INITRANS 20 MAXTRANS 255 COMPUTE STATISTICS 
  STORAGE(INITIAL 65536 NEXT 1048576 MINEXTENTS 1 MAXEXTENTS 2147483645
  PCTINCREASE 0 FREELISTS 1 FREELIST GROUPS 1
  BUFFER_POOL DEFAULT FLASH_CACHE DEFAULT CELL_FLASH_CACHE DEFAULT)
  TABLESPACE "DATA" ;
--------------------------------------------------------
--  DDL for Index DR$X_NEWS_ITEMS_FT$KD
--------------------------------------------------------

  CREATE UNIQUE INDEX "WKSP_ESGAPEX"."DR$X_NEWS_ITEMS_FT$KD" ON "WKSP_ESGAPEX"."DR$X_NEWS_ITEMS_FT$K" ("DOCID", "TEXTKEY") 
  PCTFREE 10 INITRANS 2 MAXTRANS 255 COMPUTE STATISTICS 
  TABLESPACE "DATA" ;
--------------------------------------------------------
--  DDL for Index X_ESG_NEWS_TITLE_FT
--------------------------------------------------------

  CREATE INDEX "WKSP_ESGAPEX"."X_ESG_NEWS_TITLE_FT" ON "WKSP_ESGAPEX"."ESG_NEWS" ("TITLE") 
   INDEXTYPE IS "CTXSYS"."CONTEXT"  PARAMETERS ('LEXER SC_LEXER STORAGE SC_STORAGE SECTION GROUP CTXSYS.NULL_SECTION_GROUP SYNC (ON COMMIT)');
--------------------------------------------------------
--  DDL for Index DR$X_ESG_NEWS_TEXT_FT$X
--------------------------------------------------------

  CREATE INDEX "WKSP_ESGAPEX"."DR$X_ESG_NEWS_TEXT_FT$X" ON "WKSP_ESGAPEX"."DR$X_ESG_NEWS_TEXT_FT$I" ("TOKEN_TEXT", "TOKEN_TYPE", "TOKEN_FIRST", "TOKEN_LAST", "TOKEN_COUNT") 
  PCTFREE 10 INITRANS 2 MAXTRANS 255 COMPUTE STATISTICS COMPRESS 2 
  STORAGE(INITIAL 65536 NEXT 1048576 MINEXTENTS 1 MAXEXTENTS 2147483645
  PCTINCREASE 0 FREELISTS 1 FREELIST GROUPS 1
  BUFFER_POOL DEFAULT FLASH_CACHE DEFAULT CELL_FLASH_CACHE DEFAULT)
  TABLESPACE "DATA" ;
--------------------------------------------------------
--  DDL for Index PK_NEWS_ITEM_CATEGORIES
--------------------------------------------------------

  CREATE UNIQUE INDEX "WKSP_ESGAPEX"."PK_NEWS_ITEM_CATEGORIES" ON "WKSP_ESGAPEX"."NEWS_ITEM_CATEGORIES" ("ITEM_TABLE", "ITEM_ID", "CATEGORY_ID") 
  PCTFREE 10 INITRANS 20 MAXTRANS 255 COMPUTE STATISTICS 
  STORAGE(INITIAL 65536 NEXT 1048576 MINEXTENTS 1 MAXEXTENTS 2147483645
  PCTINCREASE 0 FREELISTS 1 FREELIST GROUPS 1
  BUFFER_POOL DEFAULT FLASH_CACHE DEFAULT CELL_FLASH_CACHE DEFAULT)
  TABLESPACE "DATA" ;
--------------------------------------------------------
--  DDL for Index PK_ROWID_COL
--------------------------------------------------------

  CREATE UNIQUE INDEX "WKSP_ESGAPEX"."PK_ROWID_COL" ON "WKSP_ESGAPEX"."EEA_LIST_UPLOAD_DOWNLOAD" ("ROWID_COL") 
  PCTFREE 10 INITRANS 20 MAXTRANS 255 COMPUTE STATISTICS 
  STORAGE(INITIAL 65536 NEXT 1048576 MINEXTENTS 1 MAXEXTENTS 2147483645
  PCTINCREASE 0 FREELISTS 1 FREELIST GROUPS 1
  BUFFER_POOL DEFAULT FLASH_CACHE DEFAULT CELL_FLASH_CACHE DEFAULT)
  TABLESPACE "DATA" ;
--------------------------------------------------------
--  DDL for Index DR$X_NEWS_ITEMS_SUMMARY_FT$KD
--------------------------------------------------------

  CREATE UNIQUE INDEX "WKSP_ESGAPEX"."DR$X_NEWS_ITEMS_SUMMARY_FT$KD" ON "WKSP_ESGAPEX"."DR$X_NEWS_ITEMS_SUMMARY_FT$K" ("DOCID", "TEXTKEY") 
  PCTFREE 10 INITRANS 2 MAXTRANS 255 COMPUTE STATISTICS 
  TABLESPACE "DATA" ;
--------------------------------------------------------
--  DDL for Index ESG_BENCHMARK_PRICES_PK
--------------------------------------------------------

  CREATE UNIQUE INDEX "WKSP_ESGAPEX"."ESG_BENCHMARK_PRICES_PK" ON "WKSP_ESGAPEX"."ESG_BENCHMARK_PRICES" ("BENCH_ID", "TRADE_DATE") 
  PCTFREE 10 INITRANS 20 MAXTRANS 255 
  TABLESPACE "DATA" ;
--------------------------------------------------------
--  DDL for Index DR$X_ESG_NEWS_TEXT_FT$KR
--------------------------------------------------------

  CREATE UNIQUE INDEX "WKSP_ESGAPEX"."DR$X_ESG_NEWS_TEXT_FT$KR" ON "WKSP_ESGAPEX"."DR$X_ESG_NEWS_TEXT_FT$K" ("TEXTKEY", "DOCID") 
  PCTFREE 10 INITRANS 2 MAXTRANS 255 COMPUTE STATISTICS 
  STORAGE(INITIAL 65536 NEXT 1048576 MINEXTENTS 1 MAXEXTENTS 2147483645
  PCTINCREASE 0 FREELISTS 1 FREELIST GROUPS 1
  BUFFER_POOL DEFAULT FLASH_CACHE DEFAULT CELL_FLASH_CACHE DEFAULT)
  TABLESPACE "DATA" ;
--------------------------------------------------------
--  DDL for Index DR$X_ESG_NEWS_TITLE_FT$KR
--------------------------------------------------------

  CREATE UNIQUE INDEX "WKSP_ESGAPEX"."DR$X_ESG_NEWS_TITLE_FT$KR" ON "WKSP_ESGAPEX"."DR$X_ESG_NEWS_TITLE_FT$K" ("TEXTKEY", "DOCID") 
  PCTFREE 10 INITRANS 2 MAXTRANS 255 COMPUTE STATISTICS 
  STORAGE(INITIAL 65536 NEXT 1048576 MINEXTENTS 1 MAXEXTENTS 2147483645
  PCTINCREASE 0 FREELISTS 1 FREELIST GROUPS 1
  BUFFER_POOL DEFAULT FLASH_CACHE DEFAULT CELL_FLASH_CACHE DEFAULT)
  TABLESPACE "DATA" ;
--------------------------------------------------------
--  DDL for Index DR$X_ESG_NEWS_TEXT_FT$KD
--------------------------------------------------------

  CREATE UNIQUE INDEX "WKSP_ESGAPEX"."DR$X_ESG_NEWS_TEXT_FT$KD" ON "WKSP_ESGAPEX"."DR$X_ESG_NEWS_TEXT_FT$K" ("DOCID", "TEXTKEY") 
  PCTFREE 10 INITRANS 2 MAXTRANS 255 COMPUTE STATISTICS 
  STORAGE(INITIAL 65536 NEXT 1048576 MINEXTENTS 1 MAXEXTENTS 2147483645
  PCTINCREASE 0 FREELISTS 1 FREELIST GROUPS 1
  BUFFER_POOL DEFAULT FLASH_CACHE DEFAULT CELL_FLASH_CACHE DEFAULT)
  TABLESPACE "DATA" ;
--------------------------------------------------------
--  DDL for Index UX_NEWS_ITEMS_URL
--------------------------------------------------------

  CREATE UNIQUE INDEX "WKSP_ESGAPEX"."UX_NEWS_ITEMS_URL" ON "WKSP_ESGAPEX"."NEWS_ITEMS" ("URL") 
  PCTFREE 10 INITRANS 20 MAXTRANS 255 COMPUTE STATISTICS 
  TABLESPACE "DATA" ;
--------------------------------------------------------
--  DDL for Index EBA_DEMO_CHART_POP_PK
--------------------------------------------------------

  CREATE UNIQUE INDEX "WKSP_ESGAPEX"."EBA_DEMO_CHART_POP_PK" ON "WKSP_ESGAPEX"."EBA_DEMO_CHART_POPULATION" ("ID") 
  PCTFREE 10 INITRANS 20 MAXTRANS 255 COMPUTE STATISTICS 
  STORAGE(INITIAL 65536 NEXT 1048576 MINEXTENTS 1 MAXEXTENTS 2147483645
  PCTINCREASE 0 FREELISTS 1 FREELIST GROUPS 1
  BUFFER_POOL DEFAULT FLASH_CACHE DEFAULT CELL_FLASH_CACHE DEFAULT)
  TABLESPACE "DATA" ;
--------------------------------------------------------
--  DDL for Index EBA_DEMO_CHART_PROD_PK
--------------------------------------------------------

  CREATE UNIQUE INDEX "WKSP_ESGAPEX"."EBA_DEMO_CHART_PROD_PK" ON "WKSP_ESGAPEX"."EBA_DEMO_CHART_PRODUCTS" ("PRODUCT_ID") 
  PCTFREE 10 INITRANS 20 MAXTRANS 255 COMPUTE STATISTICS 
  STORAGE(INITIAL 65536 NEXT 1048576 MINEXTENTS 1 MAXEXTENTS 2147483645
  PCTINCREASE 0 FREELISTS 1 FREELIST GROUPS 1
  BUFFER_POOL DEFAULT FLASH_CACHE DEFAULT CELL_FLASH_CACHE DEFAULT)
  TABLESPACE "DATA" ;
--------------------------------------------------------
--  DDL for Index PK_ATTRIBUTION
--------------------------------------------------------

  CREATE UNIQUE INDEX "WKSP_ESGAPEX"."PK_ATTRIBUTION" ON "WKSP_ESGAPEX"."ATTRIBUTION" ("DT", "TICKER") 
  PCTFREE 10 INITRANS 20 MAXTRANS 255 COMPUTE STATISTICS 
  STORAGE(INITIAL 65536 NEXT 1048576 MINEXTENTS 1 MAXEXTENTS 2147483645
  PCTINCREASE 0 FREELISTS 1 FREELIST GROUPS 1
  BUFFER_POOL DEFAULT FLASH_CACHE DEFAULT CELL_FLASH_CACHE DEFAULT)
  TABLESPACE "DATA" ;
--------------------------------------------------------
--  DDL for Index DR$X_NEWS_ITEMS_FT$X
--------------------------------------------------------

  CREATE INDEX "WKSP_ESGAPEX"."DR$X_NEWS_ITEMS_FT$X" ON "WKSP_ESGAPEX"."DR$X_NEWS_ITEMS_FT$I" ("TOKEN_TEXT", "TOKEN_TYPE", "TOKEN_FIRST", "TOKEN_LAST", "TOKEN_COUNT") 
  PCTFREE 10 INITRANS 2 MAXTRANS 255 COMPUTE STATISTICS COMPRESS 2 
  TABLESPACE "DATA" ;
--------------------------------------------------------
--  DDL for Index EBA_DEMO_CHART_PROD_1
--------------------------------------------------------

  CREATE INDEX "WKSP_ESGAPEX"."EBA_DEMO_CHART_PROD_1" ON "WKSP_ESGAPEX"."EBA_DEMO_CHART_PRODUCTS" ("LIST_PRICE") 
  PCTFREE 10 INITRANS 20 MAXTRANS 255 COMPUTE STATISTICS 
  STORAGE(INITIAL 65536 NEXT 1048576 MINEXTENTS 1 MAXEXTENTS 2147483645
  PCTINCREASE 0 FREELISTS 1 FREELIST GROUPS 1
  BUFFER_POOL DEFAULT FLASH_CACHE DEFAULT CELL_FLASH_CACHE DEFAULT)
  TABLESPACE "DATA" ;
--------------------------------------------------------
--  DDL for Index DR$X_NEWS_ITEMS_SUMMARY_FT$KR
--------------------------------------------------------

  CREATE UNIQUE INDEX "WKSP_ESGAPEX"."DR$X_NEWS_ITEMS_SUMMARY_FT$KR" ON "WKSP_ESGAPEX"."DR$X_NEWS_ITEMS_SUMMARY_FT$K" ("TEXTKEY", "DOCID") 
  PCTFREE 10 INITRANS 2 MAXTRANS 255 COMPUTE STATISTICS 
  TABLESPACE "DATA" ;
--------------------------------------------------------
--  DDL for Index EBA_DEMO_CHART_ORD_1
--------------------------------------------------------

  CREATE INDEX "WKSP_ESGAPEX"."EBA_DEMO_CHART_ORD_1" ON "WKSP_ESGAPEX"."EBA_DEMO_CHART_ORDERS" ("QUANTITY") 
  PCTFREE 10 INITRANS 20 MAXTRANS 255 COMPUTE STATISTICS 
  STORAGE(INITIAL 65536 NEXT 1048576 MINEXTENTS 1 MAXEXTENTS 2147483645
  PCTINCREASE 0 FREELISTS 1 FREELIST GROUPS 1
  BUFFER_POOL DEFAULT FLASH_CACHE DEFAULT CELL_FLASH_CACHE DEFAULT)
  TABLESPACE "DATA" ;
--------------------------------------------------------
--  DDL for Trigger BIU_EBA_DEMO_CHART_BBALL
--------------------------------------------------------

  CREATE OR REPLACE EDITIONABLE TRIGGER "WKSP_ESGAPEX"."BIU_EBA_DEMO_CHART_BBALL" 
   before insert or update on eba_demo_chart_bball
   for each row
begin  
   if :new."ID" is null then
     select to_number(sys_guid(),'XXXXXXXXXXXXXXXXXXXXXXXXXXXXXXXX') into :new.id from dual;
   end if;
   if inserting then
       :new.created := current_timestamp;
       :new.created_by := nvl(wwv_flow.g_user,user);
       :new.updated := current_timestamp;
       :new.updated_by := nvl(wwv_flow.g_user,user);
   end if;
   if inserting or updating then
       :new.updated := current_timestamp;
       :new.updated_by := nvl(wwv_flow.g_user,user);
   end if;
end;
/
ALTER TRIGGER "WKSP_ESGAPEX"."BIU_EBA_DEMO_CHART_BBALL" ENABLE;
--------------------------------------------------------
--  DDL for Trigger BIU_EBA_DEMO_CHART_ORDERS
--------------------------------------------------------

  CREATE OR REPLACE EDITIONABLE TRIGGER "WKSP_ESGAPEX"."BIU_EBA_DEMO_CHART_ORDERS" 
   before insert or update on eba_demo_chart_orders
   for each row
begin  
   if :new."ORDER_ID" is null then
     select to_number(sys_guid(),'XXXXXXXXXXXXXXXXXXXXXXXXXXXXXXXX') into :new.order_id from dual;
   end if;
   if inserting then
       :new.created := current_timestamp;
       :new.created_by := nvl(wwv_flow.g_user,user);
       :new.updated := current_timestamp;
       :new.updated_by := nvl(wwv_flow.g_user,user);
   end if;
   if inserting or updating then
       :new.updated := current_timestamp;
       :new.updated_by := nvl(wwv_flow.g_user,user);
   end if;
end;
/
ALTER TRIGGER "WKSP_ESGAPEX"."BIU_EBA_DEMO_CHART_ORDERS" ENABLE;
--------------------------------------------------------
--  DDL for Trigger BIU_EBA_DEMO_CHART_POP
--------------------------------------------------------

  CREATE OR REPLACE EDITIONABLE TRIGGER "WKSP_ESGAPEX"."BIU_EBA_DEMO_CHART_POP" 
   before insert or update on eba_demo_chart_population
   for each row
begin  
   if :new."ID" is null then
     select to_number(sys_guid(),'XXXXXXXXXXXXXXXXXXXXXXXXXXXXXXXX') into :new.id from dual;
   end if;
   if inserting then
       :new.created := current_timestamp;
       :new.created_by := nvl(wwv_flow.g_user,user);
       :new.updated := current_timestamp;
       :new.updated_by := nvl(wwv_flow.g_user,user);
   end if;
   if inserting or updating then
       :new.updated := current_timestamp;
       :new.updated_by := nvl(wwv_flow.g_user,user);
   end if;
   if inserting then
       :new.row_version_number := 1;
   elsif updating then
       :new.row_version_number := nvl(:old.row_version_number,1) + 1;
   end if;
end;
/
ALTER TRIGGER "WKSP_ESGAPEX"."BIU_EBA_DEMO_CHART_POP" ENABLE;
--------------------------------------------------------
--  DDL for Trigger BIU_EBA_DEMO_CHART_PRODUCTS
--------------------------------------------------------

  CREATE OR REPLACE EDITIONABLE TRIGGER "WKSP_ESGAPEX"."BIU_EBA_DEMO_CHART_PRODUCTS" 
   before insert or update on eba_demo_chart_products
   for each row
begin  
   if :new."PRODUCT_ID" is null then
     select to_number(sys_guid(),'XXXXXXXXXXXXXXXXXXXXXXXXXXXXXXXX') into :new.product_id from dual;
   end if;
   if inserting then
       :new.created := current_timestamp;
       :new.created_by := nvl(wwv_flow.g_user,user);
       :new.updated := current_timestamp;
       :new.updated_by := nvl(wwv_flow.g_user,user);
   end if;
   if inserting or updating then
       :new.updated := current_timestamp;
       :new.updated_by := nvl(wwv_flow.g_user,user);
   end if;
end;
/
ALTER TRIGGER "WKSP_ESGAPEX"."BIU_EBA_DEMO_CHART_PRODUCTS" ENABLE;
--------------------------------------------------------
--  DDL for Trigger BIU_EBA_DEMO_CHART_PROJ
--------------------------------------------------------

  CREATE OR REPLACE EDITIONABLE TRIGGER "WKSP_ESGAPEX"."BIU_EBA_DEMO_CHART_PROJ" 
   before insert or update on eba_demo_chart_projects
   for each row 
begin  
   if :new."ID" is null then
     select to_number(sys_guid(),'XXXXXXXXXXXXXXXXXXXXXXXXXXXXXXXX') into :new.id from dual;
   end if;
   if inserting then
       :new.created := current_timestamp;
       :new.created_by := nvl(wwv_flow.g_user,user);
       :new.updated := current_timestamp;
       :new.updated_by := nvl(wwv_flow.g_user,user);
   end if;
   if inserting or updating then
       :new.updated := current_timestamp;
       :new.updated_by := nvl(wwv_flow.g_user,user);
   end if;
   if inserting then
       :new.row_version_number := 1;
   elsif updating then
       :new.row_version_number := nvl(:old.row_version_number,1) + 1;
   end if;
end;
/
ALTER TRIGGER "WKSP_ESGAPEX"."BIU_EBA_DEMO_CHART_PROJ" ENABLE;
--------------------------------------------------------
--  DDL for Trigger BIU_EBA_DEMO_CHART_SAMPLE_DATA
--------------------------------------------------------

  CREATE OR REPLACE EDITIONABLE TRIGGER "WKSP_ESGAPEX"."BIU_EBA_DEMO_CHART_SAMPLE_DATA" 
   before insert or update on eba_demo_chart_sample_data
   for each row 
begin  
   if :new."ID" is null then
     select to_number(sys_guid(),'XXXXXXXXXXXXXXXXXXXXXXXXXXXXXXXX') into :new.id from dual;
   end if;
   if inserting then
       :new.created := current_timestamp;
       :new.created_by := nvl(wwv_flow.g_user,user);
       :new.updated := current_timestamp;
       :new.updated_by := nvl(wwv_flow.g_user,user);
   end if;
   if inserting or updating then
       :new.updated := current_timestamp;
       :new.updated_by := nvl(wwv_flow.g_user,user);
   end if;
end;
/
ALTER TRIGGER "WKSP_ESGAPEX"."BIU_EBA_DEMO_CHART_SAMPLE_DATA" ENABLE;
--------------------------------------------------------
--  DDL for Trigger BIU_EBA_DEMO_CHART_STATS
--------------------------------------------------------

  CREATE OR REPLACE EDITIONABLE TRIGGER "WKSP_ESGAPEX"."BIU_EBA_DEMO_CHART_STATS" 
   before insert or update on eba_demo_chart_stats
   for each row
begin  
   if :new."ID" is null then
     select to_number(sys_guid(),'XXXXXXXXXXXXXXXXXXXXXXXXXXXXXXXX') into :new.id from dual;
   end if;
   if inserting then
       :new.created := current_timestamp;
       :new.created_by := nvl(wwv_flow.g_user,user);
       :new.updated := current_timestamp;
       :new.updated_by := nvl(wwv_flow.g_user,user);
   end if;
   if inserting or updating then
       :new.updated := current_timestamp;
       :new.updated_by := nvl(wwv_flow.g_user,user);
   end if;
end;
/
ALTER TRIGGER "WKSP_ESGAPEX"."BIU_EBA_DEMO_CHART_STATS" ENABLE;
--------------------------------------------------------
--  DDL for Trigger BIU_EBA_DEMO_CHART_STOCKS
--------------------------------------------------------

  CREATE OR REPLACE EDITIONABLE TRIGGER "WKSP_ESGAPEX"."BIU_EBA_DEMO_CHART_STOCKS" 
   before insert or update on eba_demo_chart_stocks
   for each row
begin  
   if :new."ID" is null then
     select to_number(sys_guid(),'XXXXXXXXXXXXXXXXXXXXXXXXXXXXXXXX') into :new.id from dual;
   end if;
   if inserting then
       :new.created := current_timestamp;
       :new.created_by := nvl(wwv_flow.g_user,user);
       :new.updated := current_timestamp;
       :new.updated_by := nvl(wwv_flow.g_user,user);
   end if;
   if inserting or updating then
       :new.updated := current_timestamp;
       :new.updated_by := nvl(wwv_flow.g_user,user);
   end if;
   if inserting then
       :new.row_version_number := 1;
   elsif updating then
       :new.row_version_number := nvl(:old.row_version_number,1) + 1;
   end if;
end;
/
ALTER TRIGGER "WKSP_ESGAPEX"."BIU_EBA_DEMO_CHART_STOCKS" ENABLE;
--------------------------------------------------------
--  DDL for Trigger BIU_EBA_DEMO_CHART_TASKS
--------------------------------------------------------

  CREATE OR REPLACE EDITIONABLE TRIGGER "WKSP_ESGAPEX"."BIU_EBA_DEMO_CHART_TASKS" 
   before insert or update on eba_demo_chart_tasks
   for each row
begin  
   if :new."ID" is null then
     select to_number(sys_guid(),'XXXXXXXXXXXXXXXXXXXXXXXXXXXXXXXX') into :new.id from dual;
   end if;
   if inserting then
       :new.created := current_timestamp;
       :new.created_by := nvl(wwv_flow.g_user,user);
       :new.updated := current_timestamp;
       :new.updated_by := nvl(wwv_flow.g_user,user);
   end if;
   if inserting or updating then
       :new.updated := current_timestamp;
       :new.updated_by := nvl(wwv_flow.g_user,user);
   end if;
   if inserting then
       :new.row_version_number := 1;
   elsif updating then
       :new.row_version_number := nvl(:old.row_version_number,1) + 1;
   end if;
end;
/
ALTER TRIGGER "WKSP_ESGAPEX"."BIU_EBA_DEMO_CHART_TASKS" ENABLE;
--------------------------------------------------------
--  DDL for Trigger COMPANY_ESG_INPUTS_TRG
--------------------------------------------------------

  CREATE OR REPLACE EDITIONABLE TRIGGER "WKSP_ESGAPEX"."COMPANY_ESG_INPUTS_TRG" 
BEFORE INSERT ON COMPANY_ESG_INPUTS
FOR EACH ROW
BEGIN
  IF :NEW.COMPANY_ID IS NULL THEN
    :NEW.COMPANY_ID := 'COMP_' || TO_CHAR(COMPANY_ID_SEQ.NEXTVAL);
  END IF;
END;

/
ALTER TRIGGER "WKSP_ESGAPEX"."COMPANY_ESG_INPUTS_TRG" ENABLE;
--------------------------------------------------------
--  DDL for Trigger TRG_UPDATE_CANDIDATE_USERS
--------------------------------------------------------

  CREATE OR REPLACE EDITIONABLE TRIGGER "WKSP_ESGAPEX"."TRG_UPDATE_CANDIDATE_USERS" 
BEFORE UPDATE ON CANDIDATE_USERS 
FOR EACH ROW 
BEGIN 
    :NEW.UPDATED_AT := CURRENT_TIMESTAMP; 
END; 

/
ALTER TRIGGER "WKSP_ESGAPEX"."TRG_UPDATE_CANDIDATE_USERS" ENABLE;
--------------------------------------------------------
--  DDL for Trigger TRG_UPDATE_COMPANY_ESG_INPUTS
--------------------------------------------------------

  CREATE OR REPLACE EDITIONABLE TRIGGER "WKSP_ESGAPEX"."TRG_UPDATE_COMPANY_ESG_INPUTS" 
BEFORE UPDATE ON COMPANY_ESG_INPUTS_LEVEL_1 
FOR EACH ROW 
BEGIN 
    IF :NEW.UPDATED_AT IS NULL THEN 
        :NEW.UPDATED_AT := CURRENT_TIMESTAMP; 
    END IF; 
END; 

/
ALTER TRIGGER "WKSP_ESGAPEX"."TRG_UPDATE_COMPANY_ESG_INPUTS" ENABLE;
--------------------------------------------------------
--  DDL for Procedure EBA_DEMO_CHART_DATA
--------------------------------------------------------
set define off;

  CREATE OR REPLACE EDITIONABLE PROCEDURE "WKSP_ESGAPEX"."EBA_DEMO_CHART_DATA" 
as
  l_open   number;
  l_close  number;
  l_high   number;
  l_low    number;
  l_volume number;
begin

    delete from eba_demo_chart_projects;
    delete from eba_demo_chart_tasks;
    delete from eba_demo_chart_population;
    delete from eba_demo_chart_emp;
    delete from eba_demo_chart_dept;
    delete from eba_demo_chart_bball;
    delete from eba_demo_chart_orders;
    delete from eba_demo_chart_products;
    delete from eba_demo_chart_stats;
    delete from eba_demo_chart_stocks;
    delete from eba_demo_chart_grades;
    delete from eba_demo_chart_samples;
    delete from eba_demo_chart_sample_data;
    delete from eba_demo_chart_sample_names;

/* Charts Projects Table Data */
    insert into eba_demo_chart_projects (ID,PROJECT,CREATED,CREATED_BY) values (1,'Maintain Support Systems',to_date('01-11-2011','DD-MM-YYYY'), to_date('30-12-2011','DD-MM-YYYY'));
    insert into eba_demo_chart_projects (ID,PROJECT,CREATED,CREATED_BY) values (2,'Load Software',to_date('03-12-2011','DD-MM-YYYY'), to_date('10-12-2011','DD-MM-YYYY'));
    insert into eba_demo_chart_projects (ID,PROJECT,CREATED,CREATED_BY) values (3,'Email Integration',to_date('12-01-2012','DD-MM-YYYY'), to_date('17-02-2012','DD-MM-YYYY'));
    insert into eba_demo_chart_projects (ID,PROJECT,CREATED,CREATED_BY) values (4,'Documentation',to_date('19-11-2011','DD-MM-YYYY'), to_date('25-11-2011','DD-MM-YYYY'));
    insert into eba_demo_chart_projects (ID,PROJECT,CREATED,CREATED_BY) values (5,'Training',to_date('01-12-2011','DD-MM-YYYY'), to_date('08-12-2011','DD-MM-YYYY'));
    insert into eba_demo_chart_projects (ID,PROJECT,CREATED,CREATED_BY) values (6,'Bug Tracker',to_date('16-12-2011','DD-MM-YYYY'), to_date('19-01-2012','DD-MM-YYYY'));
    insert into eba_demo_chart_projects (ID,PROJECT,CREATED,CREATED_BY) values (7,'Migrate Old Systems',to_date('28-12-2011','DD-MM-YYYY'), to_date('22-02-2012','DD-MM-YYYY'));
    insert into eba_demo_chart_projects (ID,PROJECT,CREATED,CREATED_BY) values (8,'Software Projects Tracking',to_date('15-12-2012','DD-MM-YYYY'), to_date('20-01-2012','DD-MM-YYYY'));
    insert into eba_demo_chart_projects (ID,PROJECT,CREATED,CREATED_BY) values (9,'Public Website',to_date('06-12-2011','DD-MM-YYYY'), to_date('09-12-2011','DD-MM-YYYY'));
    insert into eba_demo_chart_projects (ID,PROJECT,CREATED,CREATED_BY) values (10,'Early Adopter Release',to_date('05-12-2011','DD-MM-YYYY'), to_date('06-02-2012','DD-MM-YYYY'));
    insert into eba_demo_chart_projects (ID,PROJECT,CREATED,CREATED_BY) values (11,'Environment Configuration',to_date('01-11-2011','DD-MM-YYYY'), to_date('22-11-2011','DD-MM-YYYY'));
    insert into eba_demo_chart_projects (ID,PROJECT,CREATED,CREATED_BY) values (12,'Customer Satisfaction Survey',to_date('18-12-2011','DD-MM-YYYY'), to_date('01-01-2011','DD-MM-YYYY'));
    insert into eba_demo_chart_projects (ID,PROJECT,CREATED,CREATED_BY) values (13,'Convert Excel Spreadsheet',to_date('15-12-2011','DD-MM-YYYY'), to_date('15-03-2012','DD-MM-YYYY'));
    insert into eba_demo_chart_projects (ID,PROJECT,CREATED,CREATED_BY) values (14,'Upgrade Equipment',to_date('01-02-2012','DD-MM-YYYY'), to_date('30-05-2012','DD-MM-YYYY'));
    

/* Charts Tasks Table Data */
    insert into eba_demo_chart_tasks (ID,PROJECT,TASK_NAME,START_DATE,END_DATE,STATUS,ASSIGNED_TO,COST,BUDGET,PARENT_TASK) values (74,14,'Decommission servers',to_date('01-02-12','DD-MM-RR'),to_date('30-04-12','DD-MM-RR'),'Pending','Al Bines',0,500,null);
    insert into eba_demo_chart_tasks (ID,PROJECT,TASK_NAME,START_DATE,END_DATE,STATUS,ASSIGNED_TO,COST,BUDGET,PARENT_TASK) values (75,6,'Measure effectiveness of improved QA',to_date('01-02-12','DD-MM-RR'),to_date('02-03-12','DD-MM-RR'),'Pending','Myra Sutcliff',0,1500,18);
    insert into eba_demo_chart_tasks (ID,PROJECT,TASK_NAME,START_DATE,END_DATE,STATUS,ASSIGNED_TO,COST,BUDGET,PARENT_TASK) values (76,10,'Response to Customer Feedback',to_date('01-02-12','DD-MM-RR'),to_date('25-05-12','DD-MM-RR'),'Pending','Russ Saunders',0,6000,33);
    insert into eba_demo_chart_tasks (ID,PROJECT,TASK_NAME,START_DATE,END_DATE,STATUS,ASSIGNED_TO,COST,BUDGET,PARENT_TASK) values (77,10,'User acceptance testing',to_date('16-02-12','DD-MM-RR'),to_date('20-05-12','DD-MM-RR'),'Pending','Russ Saunders',0,2500,33);
    insert into eba_demo_chart_tasks (ID,PROJECT,TASK_NAME,START_DATE,END_DATE,STATUS,ASSIGNED_TO,COST,BUDGET,PARENT_TASK) values (78,10,'End-user Training',to_date('20-03-12','DD-MM-RR'),to_date('01-06-12','DD-MM-RR'),'Pending','Myra Sutcliff',0,2500,79);
    insert into eba_demo_chart_tasks (ID,PROJECT,TASK_NAME,START_DATE,END_DATE,STATUS,ASSIGNED_TO,COST,BUDGET,PARENT_TASK) values (79,10,'Rollout sample applications',to_date('23-05-12','DD-MM-RR'),to_date('03-06-12','DD-MM-RR'),'Pending','Pam King',0,500,32);
    insert into eba_demo_chart_tasks (ID,PROJECT,TASK_NAME,START_DATE,END_DATE,STATUS,ASSIGNED_TO,COST,BUDGET,PARENT_TASK) values (72,14,'Installation',to_date('03-02-12','DD-MM-RR'),to_date('04-03-12','DD-MM-RR'),'Pending','Mark Nile',0,1500,67);
    insert into eba_demo_chart_tasks (ID,PROJECT,TASK_NAME,START_DATE,END_DATE,STATUS,ASSIGNED_TO,COST,BUDGET,PARENT_TASK) values (73,14,'Notify users',to_date('06-03-12','DD-MM-RR'),to_date('09-03-12','DD-MM-RR'),'Pending','Mark Nile',0,200,67);
    insert into eba_demo_chart_tasks (ID,PROJECT,TASK_NAME,START_DATE,END_DATE,STATUS,ASSIGNED_TO,COST,BUDGET,PARENT_TASK) values (34,10,'Plan production release schedule',to_date('22-12-11','DD-MM-RR'),to_date('22-12-11','DD-MM-RR'),'Closed','Pam King',100,100,32);
    insert into eba_demo_chart_tasks (ID,PROJECT,TASK_NAME,START_DATE,END_DATE,STATUS,ASSIGNED_TO,COST,BUDGET,PARENT_TASK) values (37,12,'Complete questionnaire',to_date('18-12-11','DD-MM-RR'),to_date('01-01-11','DD-MM-RR'),'On-Hold','Irene Jones',1200,800,38);
    insert into eba_demo_chart_tasks (ID,PROJECT,TASK_NAME,START_DATE,END_DATE,STATUS,ASSIGNED_TO,COST,BUDGET,PARENT_TASK) values (59,11,'Select servers for Development, Test, Production',to_date('03-11-11','DD-MM-RR'),to_date('08-11-11','DD-MM-RR'),'Closed','James Cassidy',200,600,61);
    insert into eba_demo_chart_tasks (ID,PROJECT,TASK_NAME,START_DATE,END_DATE,STATUS,ASSIGNED_TO,COST,BUDGET,PARENT_TASK) values (3,1,'HR Support Systems',to_date('01-11-11','DD-MM-RR'),to_date('12-03-12','DD-MM-RR'),'Closed','Al Bines',300,500,null);
    insert into eba_demo_chart_tasks (ID,PROJECT,TASK_NAME,START_DATE,END_DATE,STATUS,ASSIGNED_TO,COST,BUDGET,PARENT_TASK) values (1,1,'HR software upgrades',to_date('01-11-11','DD-MM-RR'),to_date('27-02-12','DD-MM-RR'),'On-Hold','Pam King',8000,7000,3);
    insert into eba_demo_chart_tasks (ID,PROJECT,TASK_NAME,START_DATE,END_DATE,STATUS,ASSIGNED_TO,COST,BUDGET,PARENT_TASK) values (2,1,'Arrange for vacation coverage',to_date('01-11-11','DD-MM-RR'),to_date('31-12-11','DD-MM-RR'),'On-Hold','Russ Sanders',9500,7000,3);
    insert into eba_demo_chart_tasks (ID,PROJECT,TASK_NAME,START_DATE,END_DATE,STATUS,ASSIGNED_TO,COST,BUDGET,PARENT_TASK) values (4,3,'Complete plan',to_date('08-11-11','DD-MM-RR'),to_date('14-12-11','DD-MM-RR'),'Closed','Mark Nile',3000,1500,44);
    insert into eba_demo_chart_tasks (ID,PROJECT,TASK_NAME,START_DATE,END_DATE,STATUS,ASSIGNED_TO,COST,BUDGET,PARENT_TASK) values (5,3,'Check software licenses',to_date('12-12-11','DD-MM-RR'),to_date('13-12-11','DD-MM-RR'),'Closed','Mark Nile',200,200,44);
    insert into eba_demo_chart_tasks (ID,PROJECT,TASK_NAME,START_DATE,END_DATE,STATUS,ASSIGNED_TO,COST,BUDGET,PARENT_TASK) values (6,5,'Create training workspace',to_date('01-12-11','DD-MM-RR'),to_date('08-12-11','DD-MM-RR'),'Closed','James Cassidy',500,700,36);
    insert into eba_demo_chart_tasks (ID,PROJECT,TASK_NAME,START_DATE,END_DATE,STATUS,ASSIGNED_TO,COST,BUDGET,PARENT_TASK) values (7,5,'Publish links to self-study courses',to_date('01-12-11','DD-MM-RR'),to_date('01-12-11','DD-MM-RR'),'Closed','John Watson',100,100,36);
    insert into eba_demo_chart_tasks (ID,PROJECT,TASK_NAME,START_DATE,END_DATE,STATUS,ASSIGNED_TO,COST,BUDGET,PARENT_TASK) values (8,2,'Identify point solutions required',to_date('03-12-11','DD-MM-RR'),to_date('05-12-11','DD-MM-RR'),'Closed','John Watson',200,300,49);
    insert into eba_demo_chart_tasks (ID,PROJECT,TASK_NAME,START_DATE,END_DATE,STATUS,ASSIGNED_TO,COST,BUDGET,PARENT_TASK) values (9,2,'Install in development',to_date('07-12-11','DD-MM-RR'),to_date('07-12-11','DD-MM-RR'),'Closed','John Watson',100,100,49);
    insert into eba_demo_chart_tasks (ID,PROJECT,TASK_NAME,START_DATE,END_DATE,STATUS,ASSIGNED_TO,COST,BUDGET,PARENT_TASK) values (15,4,'Identify owners',to_date('19-11-11','DD-MM-RR'),to_date('22-11-11','DD-MM-RR'),'Closed','Hank Davis',250,300,17);
    insert into eba_demo_chart_tasks (ID,PROJECT,TASK_NAME,START_DATE,END_DATE,STATUS,ASSIGNED_TO,COST,BUDGET,PARENT_TASK) values (16,4,'Initial Draft Review',to_date('23-11-11','DD-MM-RR'),to_date('23-11-11','DD-MM-RR'),'Closed','Hank Davis',100,100,17);
    insert into eba_demo_chart_tasks (ID,PROJECT,TASK_NAME,START_DATE,END_DATE,STATUS,ASSIGNED_TO,COST,BUDGET,PARENT_TASK) values (17,4,'Monitor Review Comments',to_date('23-11-11','DD-MM-RR'),to_date('31-12-11','DD-MM-RR'),'Closed','Hank Davis',450,500,null);
    insert into eba_demo_chart_tasks (ID,PROJECT,TASK_NAME,START_DATE,END_DATE,STATUS,ASSIGNED_TO,COST,BUDGET,PARENT_TASK) values (18,6,'Implement bug tracking software',to_date('15-11-11','DD-MM-RR'),to_date('15-11-11','DD-MM-RR'),'Closed','Myra Sutcliff',100,100,null);
    insert into eba_demo_chart_tasks (ID,PROJECT,TASK_NAME,START_DATE,END_DATE,STATUS,ASSIGNED_TO,COST,BUDGET,PARENT_TASK) values (19,6,'Review automated testing tools',to_date('16-11-11','DD-MM-RR'),to_date('15-12-11','DD-MM-RR'),'Closed','Myra Sutcliff',2750,1500,18);
    insert into eba_demo_chart_tasks (ID,PROJECT,TASK_NAME,START_DATE,END_DATE,STATUS,ASSIGNED_TO,COST,BUDGET,PARENT_TASK) values (20,7,'Identify pilot applications',to_date('10-11-11','DD-MM-RR'),to_date('15-11-11','DD-MM-RR'),'Closed','Mark Nile',300,500,53);
    insert into eba_demo_chart_tasks (ID,PROJECT,TASK_NAME,START_DATE,END_DATE,STATUS,ASSIGNED_TO,COST,BUDGET,PARENT_TASK) values (21,7,'Migrate pilot applications to ',to_date('20-11-11','DD-MM-RR'),to_date('25-11-11','DD-MM-RR'),'Closed','Mark Nile',500,500,53);
    insert into eba_demo_chart_tasks (ID,PROJECT,TASK_NAME,START_DATE,END_DATE,STATUS,ASSIGNED_TO,COST,BUDGET,PARENT_TASK) values (22,8,'Customize Software Projects software',to_date('15-12-11','DD-MM-RR'),to_date('20-01-12','DD-MM-RR'),'Open','Tom Suess',600,1000,28);
    insert into eba_demo_chart_tasks (ID,PROJECT,TASK_NAME,START_DATE,END_DATE,STATUS,ASSIGNED_TO,COST,BUDGET,PARENT_TASK) values (23,7,'Post-migration review',to_date('01-12-11','DD-MM-RR'),to_date('01-12-11','DD-MM-RR'),'Closed','Mark Nile',100,100,53);
    insert into eba_demo_chart_tasks (ID,PROJECT,TASK_NAME,START_DATE,END_DATE,STATUS,ASSIGNED_TO,COST,BUDGET,PARENT_TASK) values (24,7,'User acceptance testing',to_date('03-12-11','DD-MM-RR'),to_date('04-12-11','DD-MM-RR'),'Closed','Mark Nile',600,200,23);
    insert into eba_demo_chart_tasks (ID,PROJECT,TASK_NAME,START_DATE,END_DATE,STATUS,ASSIGNED_TO,COST,BUDGET,PARENT_TASK) values (25,8,'Enter base data (Projects, Milestones, etc.)',to_date('10-12-11','DD-MM-RR'),to_date('11-12-11','DD-MM-RR'),'Closed','Tom Suess',200,200,28);
    insert into eba_demo_chart_tasks (ID,PROJECT,TASK_NAME,START_DATE,END_DATE,STATUS,ASSIGNED_TO,COST,BUDGET,PARENT_TASK) values (26,8,'Load current tasks and enhancements',to_date('12-12-11','DD-MM-RR'),to_date('16-12-11','DD-MM-RR'),'Closed','Tom Suess',400,500,28);
    insert into eba_demo_chart_tasks (ID,PROJECT,TASK_NAME,START_DATE,END_DATE,STATUS,ASSIGNED_TO,COST,BUDGET,PARENT_TASK) values (27,6,'Document quality assurance procedures',to_date('16-12-11','DD-MM-RR'),to_date('19-01-12','DD-MM-RR'),'On-Hold','Myra Sutcliff',3500,4000,18);
    insert into eba_demo_chart_tasks (ID,PROJECT,TASK_NAME,START_DATE,END_DATE,STATUS,ASSIGNED_TO,COST,BUDGET,PARENT_TASK) values (28,8,'Conduct project kickoff meeting',to_date('05-12-11','DD-MM-RR'),to_date('05-12-11','DD-MM-RR'),'Closed','Pam King',100,100,null);
    insert into eba_demo_chart_tasks (ID,PROJECT,TASK_NAME,START_DATE,END_DATE,STATUS,ASSIGNED_TO,COST,BUDGET,PARENT_TASK) values (29,9,'Determine host server',to_date('06-12-11','DD-MM-RR'),to_date('07-12-11','DD-MM-RR'),'Closed','Tiger Scott',200,200,40);
    insert into eba_demo_chart_tasks (ID,PROJECT,TASK_NAME,START_DATE,END_DATE,STATUS,ASSIGNED_TO,COST,BUDGET,PARENT_TASK) values (30,9,'Check software licenses',to_date('07-12-11','DD-MM-RR'),to_date('07-12-11','DD-MM-RR'),'Closed','Tom Suess',100,100,40);
    insert into eba_demo_chart_tasks (ID,PROJECT,TASK_NAME,START_DATE,END_DATE,STATUS,ASSIGNED_TO,COST,BUDGET,PARENT_TASK) values (31,10,'Identify pilot users',to_date('05-12-11','DD-MM-RR'),to_date('06-12-11','DD-MM-RR'),'Closed','Scott Spencer',200,200,33);
    insert into eba_demo_chart_tasks (ID,PROJECT,TASK_NAME,START_DATE,END_DATE,STATUS,ASSIGNED_TO,COST,BUDGET,PARENT_TASK) values (32,10,'Software Deliverable',to_date('07-12-11','DD-MM-RR'),to_date('20-12-11','DD-MM-RR'),'Closed','Scott Spencer',400,500,33);
    insert into eba_demo_chart_tasks (ID,PROJECT,TASK_NAME,START_DATE,END_DATE,STATUS,ASSIGNED_TO,COST,BUDGET,PARENT_TASK) values (33,10,'Early Adopter Release',to_date('21-12-11','DD-MM-RR'),to_date('21-12-11','DD-MM-RR'),'Closed','Pam King',100,100,null);
    insert into eba_demo_chart_tasks (ID,PROJECT,TASK_NAME,START_DATE,END_DATE,STATUS,ASSIGNED_TO,COST,BUDGET,PARENT_TASK) values (35,11,'Determine midtier configuration(s)',to_date('02-11-11','DD-MM-RR'),to_date('02-11-11','DD-MM-RR'),'Closed','James Cassidy',100,100,61);
    insert into eba_demo_chart_tasks (ID,PROJECT,TASK_NAME,START_DATE,END_DATE,STATUS,ASSIGNED_TO,COST,BUDGET,PARENT_TASK) values (36,5,'Manage Training Activities',to_date('28-11-11','DD-MM-RR'),to_date('03-02-12','DD-MM-RR'),'On-Hold','John Watson',1000,2000,null);
    insert into eba_demo_chart_tasks (ID,PROJECT,TASK_NAME,START_DATE,END_DATE,STATUS,ASSIGNED_TO,COST,BUDGET,PARENT_TASK) values (38,12,'Review feedback',to_date('09-01-12','DD-MM-RR'),to_date('15-01-12','DD-MM-RR'),'On-Hold','Irene Jones',200,400,null);
    insert into eba_demo_chart_tasks (ID,PROJECT,TASK_NAME,START_DATE,END_DATE,STATUS,ASSIGNED_TO,COST,BUDGET,PARENT_TASK) values (39,12,'Plan rollout schedule',to_date('16-01-12','DD-MM-RR'),to_date('24-01-12','DD-MM-RR'),'On-Hold','Irene Jones',0,750,38);
    insert into eba_demo_chart_tasks (ID,PROJECT,TASK_NAME,START_DATE,END_DATE,STATUS,ASSIGNED_TO,COST,BUDGET,PARENT_TASK) values (40,9,'Plan rollout schedule',to_date('10-12-11','DD-MM-RR'),to_date('02-01-12','DD-MM-RR'),'On-Hold','Al Bines',300,1000,null);
    insert into eba_demo_chart_tasks (ID,PROJECT,TASK_NAME,START_DATE,END_DATE,STATUS,ASSIGNED_TO,COST,BUDGET,PARENT_TASK) values (41,9,'Develop web pages',to_date('10-01-12','DD-MM-RR'),to_date('15-02-12','DD-MM-RR'),'On-Hold','Tiger Scott',800,2000,40);
    insert into eba_demo_chart_tasks (ID,PROJECT,TASK_NAME,START_DATE,END_DATE,STATUS,ASSIGNED_TO,COST,BUDGET,PARENT_TASK) values (42,9,'Purchase additional software licenses, if needed',to_date('17-02-12','DD-MM-RR'),to_date('17-02-12','DD-MM-RR'),'On-Hold','Tom Suess',0,100,40);
    insert into eba_demo_chart_tasks (ID,PROJECT,TASK_NAME,START_DATE,END_DATE,STATUS,ASSIGNED_TO,COST,BUDGET,PARENT_TASK) values (43,1,'Investigate new Virus Protection software',to_date('29-12-11','DD-MM-RR'),to_date('13-01-12','DD-MM-RR'),'Open','Pam King',1700,1500,3);
    insert into eba_demo_chart_tasks (ID,PROJECT,TASK_NAME,START_DATE,END_DATE,STATUS,ASSIGNED_TO,COST,BUDGET,PARENT_TASK) values (44,3,'Get RFPs for new server',to_date('13-12-11','DD-MM-RR'),to_date('03-01-12','DD-MM-RR'),'Open','Mark Nile',2000,1000,null);
    insert into eba_demo_chart_tasks (ID,PROJECT,TASK_NAME,START_DATE,END_DATE,STATUS,ASSIGNED_TO,COST,BUDGET,PARENT_TASK) values (45,13,'Collect mission-critical spreadsheets',to_date('15-12-11','DD-MM-RR'),to_date('15-02-12','DD-MM-RR'),'Open','Pam King',2500,4000,46);
    insert into eba_demo_chart_tasks (ID,PROJECT,TASK_NAME,START_DATE,END_DATE,STATUS,ASSIGNED_TO,COST,BUDGET,PARENT_TASK) values (46,13,'Create  applications from spreadsheets',to_date('15-12-11','DD-MM-RR'),to_date('30-05-12','DD-MM-RR'),'Open','Pam King',6000,10000,null);
    insert into eba_demo_chart_tasks (ID,PROJECT,TASK_NAME,START_DATE,END_DATE,STATUS,ASSIGNED_TO,COST,BUDGET,PARENT_TASK) values (47,13,'Lock spreadsheets',to_date('15-12-11','DD-MM-RR'),to_date('30-05-12','DD-MM-RR'),'Open','Pam King',1000,800,46);
    insert into eba_demo_chart_tasks (ID,PROJECT,TASK_NAME,START_DATE,END_DATE,STATUS,ASSIGNED_TO,COST,BUDGET,PARENT_TASK) values (48,13,'Send links to previous spreadsheet owners',to_date('16-12-11','DD-MM-RR'),to_date('01-06-12','DD-MM-RR'),'Open','Pam King',1000,1500,46);
    insert into eba_demo_chart_tasks (ID,PROJECT,TASK_NAME,START_DATE,END_DATE,STATUS,ASSIGNED_TO,COST,BUDGET,PARENT_TASK) values (49,2,'Customize solutions',to_date('08-12-11','DD-MM-RR'),to_date('01-03-12','DD-MM-RR'),'Open','John Watson',1500,4000,null);
    insert into eba_demo_chart_tasks (ID,PROJECT,TASK_NAME,START_DATE,END_DATE,STATUS,ASSIGNED_TO,COST,BUDGET,PARENT_TASK) values (50,2,'Train developers / users',to_date('10-01-12','DD-MM-RR'),to_date('25-03-12','DD-MM-RR'),'Pending','John Watson',0,8000,49);
    insert into eba_demo_chart_tasks (ID,PROJECT,TASK_NAME,START_DATE,END_DATE,STATUS,ASSIGNED_TO,COST,BUDGET,PARENT_TASK) values (51,2,'Implement in Production',to_date('27-12-11','DD-MM-RR'),to_date('03-05-12','DD-MM-RR'),'Open','John Watson',200,1500,49);
    insert into eba_demo_chart_tasks (ID,PROJECT,TASK_NAME,START_DATE,END_DATE,STATUS,ASSIGNED_TO,COST,BUDGET,PARENT_TASK) values (52,7,'Migrate applications',to_date('15-12-11','DD-MM-RR'),to_date('20-02-12','DD-MM-RR'),'Open','Mark Nile',1000,8000,53);
    insert into eba_demo_chart_tasks (ID,PROJECT,TASK_NAME,START_DATE,END_DATE,STATUS,ASSIGNED_TO,COST,BUDGET,PARENT_TASK) values (53,7,'Plan migration schedule',to_date('22-12-11','DD-MM-RR'),to_date('03-03-12','DD-MM-RR'),'Open','Mark Nile',1500,6000,null);
    insert into eba_demo_chart_tasks (ID,PROJECT,TASK_NAME,START_DATE,END_DATE,STATUS,ASSIGNED_TO,COST,BUDGET,PARENT_TASK) values (54,10,'Publish Feedback application',to_date('26-12-11','DD-MM-RR'),to_date('04-05-12','DD-MM-RR'),'Open','Pam King',300,12000,33);
    insert into eba_demo_chart_tasks (ID,PROJECT,TASK_NAME,START_DATE,END_DATE,STATUS,ASSIGNED_TO,COST,BUDGET,PARENT_TASK) values (55,6,'Train developers on tracking bugs',to_date('20-01-12','DD-MM-RR'),to_date('10-03-12','DD-MM-RR'),'On-Hold','Myra Sutcliff',0,2000,18);
    insert into eba_demo_chart_tasks (ID,PROJECT,TASK_NAME,START_DATE,END_DATE,STATUS,ASSIGNED_TO,COST,BUDGET,PARENT_TASK) values (56,7,'End-user Training',to_date('28-12-11','DD-MM-RR'),to_date('22-02-12','DD-MM-RR'),'Open','John Watson',0,2000,53);
    insert into eba_demo_chart_tasks (ID,PROJECT,TASK_NAME,START_DATE,END_DATE,STATUS,ASSIGNED_TO,COST,BUDGET,PARENT_TASK) values (57,11,'Identify server requirements',to_date('01-11-11','DD-MM-RR'),to_date('02-11-11','DD-MM-RR'),'Closed','John Watson',100,200,61);
    insert into eba_demo_chart_tasks (ID,PROJECT,TASK_NAME,START_DATE,END_DATE,STATUS,ASSIGNED_TO,COST,BUDGET,PARENT_TASK) values (58,11,'Specify security authentication scheme(s)',to_date('03-11-11','DD-MM-RR'),to_date('05-11-11','DD-MM-RR'),'Closed','John Watson',200,300,61);
    insert into eba_demo_chart_tasks (ID,PROJECT,TASK_NAME,START_DATE,END_DATE,STATUS,ASSIGNED_TO,COST,BUDGET,PARENT_TASK) values (60,11,'Create pilot workspace',to_date('10-11-11','DD-MM-RR'),to_date('10-11-11','DD-MM-RR'),'Closed','John Watson',100,100,61);
    insert into eba_demo_chart_tasks (ID,PROJECT,TASK_NAME,START_DATE,END_DATE,STATUS,ASSIGNED_TO,COST,BUDGET,PARENT_TASK) values (61,11,'Configure Workspace provisioning',to_date('10-11-11','DD-MM-RR'),to_date('10-11-11','DD-MM-RR'),'Closed','John Watson',200,100,null);
    insert into eba_demo_chart_tasks (ID,PROJECT,TASK_NAME,START_DATE,END_DATE,STATUS,ASSIGNED_TO,COST,BUDGET,PARENT_TASK) values (62,11,'Run installation',to_date('11-11-11','DD-MM-RR'),to_date('11-11-11','DD-MM-RR'),'Closed','James Cassidy',100,100,57);
    insert into eba_demo_chart_tasks (ID,PROJECT,TASK_NAME,START_DATE,END_DATE,STATUS,ASSIGNED_TO,COST,BUDGET,PARENT_TASK) values (64,14,'Obtain equipment specifications',to_date('03-01-12','DD-MM-RR'),to_date('06-01-12','DD-MM-RR'),'Pending','James Cassidy',0,500,67);
    insert into eba_demo_chart_tasks (ID,PROJECT,TASK_NAME,START_DATE,END_DATE,STATUS,ASSIGNED_TO,COST,BUDGET,PARENT_TASK) values (65,3,'Purchase backup server',to_date('12-01-12','DD-MM-RR'),to_date('07-02-12','DD-MM-RR'),'Pending','Mark Nile',0,3000,44);
    insert into eba_demo_chart_tasks (ID,PROJECT,TASK_NAME,START_DATE,END_DATE,STATUS,ASSIGNED_TO,COST,BUDGET,PARENT_TASK) values (66,14,'Identify integration points',to_date('08-01-12','DD-MM-RR'),to_date('28-01-12','DD-MM-RR'),'Pending','Mark Nile',0,2000,67);
    insert into eba_demo_chart_tasks (ID,PROJECT,TASK_NAME,START_DATE,END_DATE,STATUS,ASSIGNED_TO,COST,BUDGET,PARENT_TASK) values (67,14,'Decommission machines',to_date('08-01-12','DD-MM-RR'),to_date('08-01-12','DD-MM-RR'),'Pending','Scott Spencer',0,100,null);
    insert into eba_demo_chart_tasks (ID,PROJECT,TASK_NAME,START_DATE,END_DATE,STATUS,ASSIGNED_TO,COST,BUDGET,PARENT_TASK) values (68,14,'Map data usage',to_date('20-01-12','DD-MM-RR'),to_date('03-03-12','DD-MM-RR'),'Pending','Mark Nile',0,8000,67);
    insert into eba_demo_chart_tasks (ID,PROJECT,TASK_NAME,START_DATE,END_DATE,STATUS,ASSIGNED_TO,COST,BUDGET,PARENT_TASK) values (69,14,'Purchase new machines',to_date('24-02-12','DD-MM-RR'),to_date('20-03-12','DD-MM-RR'),'Pending','John Watson',0,2500,67);
    insert into eba_demo_chart_tasks (ID,PROJECT,TASK_NAME,START_DATE,END_DATE,STATUS,ASSIGNED_TO,COST,BUDGET,PARENT_TASK) values (70,14,'Import data',to_date('25-02-12','DD-MM-RR'),to_date('23-03-12','DD-MM-RR'),'Pending','John Watson',0,1000,67);
    insert into eba_demo_chart_tasks (ID,PROJECT,TASK_NAME,START_DATE,END_DATE,STATUS,ASSIGNED_TO,COST,BUDGET,PARENT_TASK) values (71,14,'Convert processes',to_date('02-02-12','DD-MM-RR'),to_date('01-04-12','DD-MM-RR'),'Pending','Pam King',0,3000,67);

update eba_demo_chart_tasks
   set start_date = start_date + (SYSDATE - TO_DATE('01012012','MMDDYYYY')),
       end_date = end_date + (SYSDATE - TO_DATE('01012012','MMDDYYYY'));

/* Charts Population Table Data */
    insert into eba_demo_chart_population (ID,STATE_NAME,STATE_CODE,POPULATION,REGION) values (51,'Wyoming','WY',563626,4);
    insert into eba_demo_chart_population (ID,STATE_NAME,STATE_CODE,POPULATION,REGION) values (9,'Georgia','GA',9687653,3);
    insert into eba_demo_chart_population (ID,STATE_NAME,STATE_CODE,POPULATION,REGION) values (17,'Tennessee','TN',6346105,3);
    insert into eba_demo_chart_population (ID,STATE_NAME,STATE_CODE,POPULATION,REGION) values (18,'Missouri','MO',5988927,2);
    insert into eba_demo_chart_population (ID,STATE_NAME,STATE_CODE,POPULATION,REGION) values (19,'Maryland','MD',5773552,3);
    insert into eba_demo_chart_population (ID,STATE_NAME,STATE_CODE,POPULATION,REGION) values (21,'Minnesota','MN',5303925,2);
    insert into eba_demo_chart_population (ID,STATE_NAME,STATE_CODE,POPULATION,REGION) values (36,'New Mexico','NM',2059179,4);
    insert into eba_demo_chart_population (ID,STATE_NAME,STATE_CODE,POPULATION,REGION) values (1,'California','CA',37253956,4);
    insert into eba_demo_chart_population (ID,STATE_NAME,STATE_CODE,POPULATION,REGION) values (2,'Texas','TX',25145561,3);
    insert into eba_demo_chart_population (ID,STATE_NAME,STATE_CODE,POPULATION,REGION) values (3,'New York','NY',19378102,1);
    insert into eba_demo_chart_population (ID,STATE_NAME,STATE_CODE,POPULATION,REGION) values (4,'Florida','FL',18801310,3);
    insert into eba_demo_chart_population (ID,STATE_NAME,STATE_CODE,POPULATION,REGION) values (5,'Illinois','IL',12830310,2);
    insert into eba_demo_chart_population (ID,STATE_NAME,STATE_CODE,POPULATION,REGION) values (6,'Pennsylvania','PA',12702379,1);
    insert into eba_demo_chart_population (ID,STATE_NAME,STATE_CODE,POPULATION,REGION) values (7,'Ohio','OH',11536504,2);
    insert into eba_demo_chart_population (ID,STATE_NAME,STATE_CODE,POPULATION,REGION) values (8,'Michigan','MI',9883640,2);
    insert into eba_demo_chart_population (ID,STATE_NAME,STATE_CODE,POPULATION,REGION) values (10,'North Carolina','NC',9535483,3);
    insert into eba_demo_chart_population (ID,STATE_NAME,STATE_CODE,POPULATION,REGION) values (11,'New Jersey','NJ',8791894,1);
    insert into eba_demo_chart_population (ID,STATE_NAME,STATE_CODE,POPULATION,REGION) values (12,'Virginia','VA',8001024,3);
    insert into eba_demo_chart_population (ID,STATE_NAME,STATE_CODE,POPULATION,REGION) values (13,'Washington','WA',6724540,4);
    insert into eba_demo_chart_population (ID,STATE_NAME,STATE_CODE,POPULATION,REGION) values (14,'Arizona','AZ',6392017,4);
    insert into eba_demo_chart_population (ID,STATE_NAME,STATE_CODE,POPULATION,REGION) values (15,'Massachusetts','MA',6547629,1);
    insert into eba_demo_chart_population (ID,STATE_NAME,STATE_CODE,POPULATION,REGION) values (16,'Indiana','IN',6483802,2);
    insert into eba_demo_chart_population (ID,STATE_NAME,STATE_CODE,POPULATION,REGION) values (20,'Wisconsin','WI',5686986,2);
    insert into eba_demo_chart_population (ID,STATE_NAME,STATE_CODE,POPULATION,REGION) values (22,'Colorado','CO',5029196,4);
    insert into eba_demo_chart_population (ID,STATE_NAME,STATE_CODE,POPULATION,REGION) values (23,'Alabama','AL',4779736,3);
    insert into eba_demo_chart_population (ID,STATE_NAME,STATE_CODE,POPULATION,REGION) values (24,'South Carolina','SC',4625364,3);
    insert into eba_demo_chart_population (ID,STATE_NAME,STATE_CODE,POPULATION,REGION) values (25,'Louisiana','LA',4533372,3);
    insert into eba_demo_chart_population (ID,STATE_NAME,STATE_CODE,POPULATION,REGION) values (26,'Kentucky','KY',4339367,3);
    insert into eba_demo_chart_population (ID,STATE_NAME,STATE_CODE,POPULATION,REGION) values (27,'Oregon','OR',3831074,4);
    insert into eba_demo_chart_population (ID,STATE_NAME,STATE_CODE,POPULATION,REGION) values (28,'Oklahoma','OK',3751351,3);
    insert into eba_demo_chart_population (ID,STATE_NAME,STATE_CODE,POPULATION,REGION) values (29,'Connecticut','CT',3574097,1);
    insert into eba_demo_chart_population (ID,STATE_NAME,STATE_CODE,POPULATION,REGION) values (30,'Iowa','IA',3046355,2);
    insert into eba_demo_chart_population (ID,STATE_NAME,STATE_CODE,POPULATION,REGION) values (31,'Mississippi','MS',2967297,3);
    insert into eba_demo_chart_population (ID,STATE_NAME,STATE_CODE,POPULATION,REGION) values (32,'Arkansas','AR',2915918,3);
    insert into eba_demo_chart_population (ID,STATE_NAME,STATE_CODE,POPULATION,REGION) values (33,'Kansas','KS',2853118,2);
    insert into eba_demo_chart_population (ID,STATE_NAME,STATE_CODE,POPULATION,REGION) values (34,'Utah','UT',2763885,4);
    insert into eba_demo_chart_population (ID,STATE_NAME,STATE_CODE,POPULATION,REGION) values (35,'Nevada','NV',2700551,4);
    insert into eba_demo_chart_population (ID,STATE_NAME,STATE_CODE,POPULATION,REGION) values (37,'West Virginia','WV',1852994,3);
    insert into eba_demo_chart_population (ID,STATE_NAME,STATE_CODE,POPULATION,REGION) values (38,'Nebraska','NE',1826341,2);
    insert into eba_demo_chart_population (ID,STATE_NAME,STATE_CODE,POPULATION,REGION) values (39,'Idaho','ID',1567582,4);
    insert into eba_demo_chart_population (ID,STATE_NAME,STATE_CODE,POPULATION,REGION) values (40,'Maine','ME',1328361,1);
    insert into eba_demo_chart_population (ID,STATE_NAME,STATE_CODE,POPULATION,REGION) values (41,'New Hampshire','NH',1316470,1);
    insert into eba_demo_chart_population (ID,STATE_NAME,STATE_CODE,POPULATION,REGION) values (42,'Hawaii','HI',1360301,4);
    insert into eba_demo_chart_population (ID,STATE_NAME,STATE_CODE,POPULATION,REGION) values (43,'Rhode Island','RI',1052567,1);
    insert into eba_demo_chart_population (ID,STATE_NAME,STATE_CODE,POPULATION,REGION) values (44,'Montana','MT',989415,4);
    insert into eba_demo_chart_population (ID,STATE_NAME,STATE_CODE,POPULATION,REGION) values (45,'Delaware','DE',897934,3);
    insert into eba_demo_chart_population (ID,STATE_NAME,STATE_CODE,POPULATION,REGION) values (46,'South Dakota','SD',814180,2);
    insert into eba_demo_chart_population (ID,STATE_NAME,STATE_CODE,POPULATION,REGION) values (47,'Alaska','AK',710231,4);
    insert into eba_demo_chart_population (ID,STATE_NAME,STATE_CODE,POPULATION,REGION) values (48,'North Dakota','ND',672591,2);
    insert into eba_demo_chart_population (ID,STATE_NAME,STATE_CODE,POPULATION,REGION) values (49,'Vermont','VT',625741,1);
    insert into eba_demo_chart_population (ID,STATE_NAME,STATE_CODE,POPULATION,REGION) values (50,'District of Columbia','DC',601723,3);

/* Charts Dept Table */
    insert into eba_demo_chart_dept (DEPTNO,DNAME,LOC) values (10,'ACCOUNTING','NEW YORK');
    insert into eba_demo_chart_dept (DEPTNO,DNAME,LOC) values (20,'RESEARCH','DALLAS');
    insert into eba_demo_chart_dept (DEPTNO,DNAME,LOC) values (30,'SALES','CHICAGO');
    insert into eba_demo_chart_dept (DEPTNO,DNAME,LOC) values (40,'OPERATIONS','BOSTON');

/* Charts Emp Table */
    insert into eba_demo_chart_emp (EMPNO,ENAME,JOB,MGR,HIREDATE,SAL,COMM,DEPTNO) values (7839,'KING','PRESIDENT',null,to_date('17-11-81','DD-MM-RR'),5000,null,10);
    insert into eba_demo_chart_emp (EMPNO,ENAME,JOB,MGR,HIREDATE,SAL,COMM,DEPTNO) values (7698,'BLAKE','MANAGER',7839,to_date('01-05-81','DD-MM-RR'),2850,null,30);
    insert into eba_demo_chart_emp (EMPNO,ENAME,JOB,MGR,HIREDATE,SAL,COMM,DEPTNO) values (7782,'CLARK','MANAGER',7839,to_date('09-06-81','DD-MM-RR'),2450,null,10);
    insert into eba_demo_chart_emp (EMPNO,ENAME,JOB,MGR,HIREDATE,SAL,COMM,DEPTNO) values (7566,'JONES','MANAGER',7839,to_date('02-04-81','DD-MM-RR'),2975,null,20);
    insert into eba_demo_chart_emp (EMPNO,ENAME,JOB,MGR,HIREDATE,SAL,COMM,DEPTNO) values (7788,'SCOTT','ANALYST',7566,to_date('09-12-82','DD-MM-RR'),3000,null,20);
    insert into eba_demo_chart_emp (EMPNO,ENAME,JOB,MGR,HIREDATE,SAL,COMM,DEPTNO) values (7902,'FORD','ANALYST',7566,to_date('03-12-81','DD-MM-RR'),3000,null,20);
    insert into eba_demo_chart_emp (EMPNO,ENAME,JOB,MGR,HIREDATE,SAL,COMM,DEPTNO) values (7369,'SMITH','CLERK',7902,to_date('17-12-80','DD-MM-RR'),800,null,20);
    insert into eba_demo_chart_emp (EMPNO,ENAME,JOB,MGR,HIREDATE,SAL,COMM,DEPTNO) values (7499,'ALLEN','SALESMAN',7698,to_date('20-02-81','DD-MM-RR'),1600,300,30);
    insert into eba_demo_chart_emp (EMPNO,ENAME,JOB,MGR,HIREDATE,SAL,COMM,DEPTNO) values (7521,'WARD','SALESMAN',7698,to_date('22-02-81','DD-MM-RR'),1250,500,30);
    insert into eba_demo_chart_emp (EMPNO,ENAME,JOB,MGR,HIREDATE,SAL,COMM,DEPTNO) values (7654,'MARTIN','SALESMAN',7698,to_date('28-09-81','DD-MM-RR'),1250,1400,30);
    insert into eba_demo_chart_emp (EMPNO,ENAME,JOB,MGR,HIREDATE,SAL,COMM,DEPTNO) values (7844,'TURNER','SALESMAN',7698,to_date('08-09-81','DD-MM-RR'),1500,0,30);
    insert into eba_demo_chart_emp (EMPNO,ENAME,JOB,MGR,HIREDATE,SAL,COMM,DEPTNO) values (7876,'ADAMS','CLERK',7788,to_date('12-01-83','DD-MM-RR'),1100,null,20);
    insert into eba_demo_chart_emp (EMPNO,ENAME,JOB,MGR,HIREDATE,SAL,COMM,DEPTNO) values (7900,'JAMES','CLERK',7698,to_date('03-12-81','DD-MM-RR'),950,null,30);
    insert into eba_demo_chart_emp (EMPNO,ENAME,JOB,MGR,HIREDATE,SAL,COMM,DEPTNO) values (7934,'MILLER','CLERK',7782,to_date('23-01-82','DD-MM-RR'),1300,null,10);

/* Charts BBall Table */
    insert into eba_demo_chart_bball (ID,CITY,TEAM,CONFERENCE,WINS) values (1,'Boston','Celtics','East',17);
    insert into eba_demo_chart_bball (ID,CITY,TEAM,CONFERENCE,WINS) values (2,'Los Angeles','Lakers','West',16);
    insert into eba_demo_chart_bball (ID,CITY,TEAM,CONFERENCE,WINS) values (3,'Chicago','Bulls','East',6);
    insert into eba_demo_chart_bball (ID,CITY,TEAM,CONFERENCE,WINS) values (4,'San Antonio','Spurs','West',5);
    insert into eba_demo_chart_bball (ID,CITY,TEAM,CONFERENCE,WINS) values (5,'Golden Gate','Warriors','West',4);
    insert into eba_demo_chart_bball (ID,CITY,TEAM,CONFERENCE,WINS) values (6,'Philadelphia','76ers','East',3);
    insert into eba_demo_chart_bball (ID,CITY,TEAM,CONFERENCE,WINS) values (7,'Detroit','Pistons','East',3);
    insert into eba_demo_chart_bball (ID,CITY,TEAM,CONFERENCE,WINS) values (8,'Miami','Heat','East',3);
    insert into eba_demo_chart_bball (ID,CITY,TEAM,CONFERENCE,WINS) values (9,'New York','Knicks','East',2);
    insert into eba_demo_chart_bball (ID,CITY,TEAM,CONFERENCE,WINS) values (10,'Houston','Rockets','West',2);

/* Charts Products Tables */
    insert into eba_demo_chart_products(product_id, product_name, product_description, list_price) values(1,'Apples','Red pink lady apples',1.20);
    insert into eba_demo_chart_products(product_id, product_name, product_description, list_price) values(2,'Bananas','Bunches of yellow bananas',3.80);
    insert into eba_demo_chart_products(product_id, product_name, product_description, list_price) values(3,'Cantaloupe','Coral coloured melon',2.95);
    insert into eba_demo_chart_products(product_id, product_name, product_description, list_price) values(4,'Dates','Dried dates',3.30);
    insert into eba_demo_chart_products(product_id, product_name, product_description, list_price) values(5,'Grapes','Punnet of Red Seedless Grapes',2.05);

/* Charts Orders Table */
    insert into eba_demo_chart_orders(order_id,product_id, quantity,customer, sales_date) values (1,1,42,'Store A',to_date('08-04-16','DD-MM-RR'));
    insert into eba_demo_chart_orders(order_id,product_id, quantity,customer, sales_date) values (2,2,55,'Store A',to_date('09-04-16','DD-MM-RR'));
    insert into eba_demo_chart_orders(order_id,product_id, quantity,customer, sales_date) values (3,3,36,'Store A',to_date('11-04-16','DD-MM-RR'));
    insert into eba_demo_chart_orders(order_id,product_id, quantity,customer, sales_date) values (4,4,22,'Store A',to_date('12-04-16','DD-MM-RR'));
    insert into eba_demo_chart_orders(order_id,product_id, quantity,customer, sales_date) values (5,5,42,'Store A',to_date('14-04-16','DD-MM-RR'));
    insert into eba_demo_chart_orders(order_id,product_id, quantity,customer, sales_date) values (6,1,32,'Acme Store',to_date('03-04-16','DD-MM-RR'));
    insert into eba_demo_chart_orders(order_id,product_id, quantity,customer, sales_date) values (7,2,39,'Acme Store',to_date('04-04-16','DD-MM-RR'));
    insert into eba_demo_chart_orders(order_id,product_id, quantity,customer, sales_date) values (8,3,36,'Acme Store',to_date('07-04-16','DD-MM-RR'));
    insert into eba_demo_chart_orders(order_id,product_id, quantity,customer, sales_date) values (9,4,27,'Acme Store',to_date('13-04-16','DD-MM-RR'));
    insert into eba_demo_chart_orders(order_id,product_id, quantity,customer, sales_date) values (10,5,50,'Acme Store',to_date('14-04-16','DD-MM-RR'));
    insert into eba_demo_chart_orders(order_id,product_id, quantity,customer, sales_date) values (11,1,34,'Shop C',to_date('08-04-16','DD-MM-RR'));
    insert into eba_demo_chart_orders(order_id,product_id, quantity,customer, sales_date) values (12,2,30,'Shop C',to_date('09-04-16','DD-MM-RR'));
    insert into eba_demo_chart_orders(order_id,product_id, quantity,customer, sales_date) values (13,3,50,'Shop C',to_date('11-04-16','DD-MM-RR'));
    insert into eba_demo_chart_orders(order_id,product_id, quantity,customer, sales_date) values (14,4,46,'Shop C',to_date('12-04-16','DD-MM-RR'));
    insert into eba_demo_chart_orders(order_id,product_id, quantity,customer, sales_date) values (15,5,36,'Shop C',to_date('14-04-16','DD-MM-RR'));
    insert into eba_demo_chart_orders(order_id,product_id, quantity,customer, sales_date) values (16,1,74,'Deli',to_date('02-04-16','DD-MM-RR'));
    insert into eba_demo_chart_orders(order_id,product_id, quantity,customer, sales_date) values (17,2,42,'Deli',to_date('04-04-16','DD-MM-RR'));
    insert into eba_demo_chart_orders(order_id,product_id, quantity,customer, sales_date) values (18,3,70,'Deli',to_date('06-04-16','DD-MM-RR'));
    insert into eba_demo_chart_orders(order_id,product_id, quantity,customer, sales_date) values (19,4,46,'Deli',to_date('08-04-16','DD-MM-RR'));
    insert into eba_demo_chart_orders(order_id,product_id, quantity,customer, sales_date) values (20,5,22,'Deli',to_date('10-04-16','DD-MM-RR'));

/* Charts Stats Table */
    insert into eba_demo_chart_stats (name,country,employee,employer,total) values ('AU','Australia',0,0,0);
    insert into eba_demo_chart_stats (name,country,employee,employer,total) values ('BE','Belgium',3.5,3.7,7.8);
    insert into eba_demo_chart_stats (name,country,employee,employer,total) values ('CA','Canada',2.3,2,4.7);
    insert into eba_demo_chart_stats (name,country,employee,employer,total) values ('CZ','Czech Republic',1.8,6,8.3);
    insert into eba_demo_chart_stats (name,country,employee,employer,total) values ('DK','Denmark',0,0,0);
    insert into eba_demo_chart_stats (name,country,employee,employer,total) values ('FI','Finland',1.8,6.8,9);
    insert into eba_demo_chart_stats (name,country,employee,employer,total) values ('DE','Germany',2.8,3.2,6.9);
    insert into eba_demo_chart_stats (name,country,employee,employer,total) values ('GR','Greece',3.4,4.3,9.2);
    insert into eba_demo_chart_stats (name,country,employee,employer,total) values ('HU','Hungary',1.4,6.4,8.3);
    insert into eba_demo_chart_stats (name,country,employee,employer,total) values ('IT','Italy',2.2,6.8,9);
    insert into eba_demo_chart_stats (name,country,employee,employer,total) values ('JA','Japan',3.2,3.1,6.3);
    insert into eba_demo_chart_stats (name,country,employee,employer,total) values ('KO','Korea',1.2,0.9,2.1);
    insert into eba_demo_chart_stats (name,country,employee,employer,total) values ('LU','Luxembourg',2.8,2.4,5.9);
    insert into eba_demo_chart_stats (name,country,employee,employer,total) values ('MX','Mexico',0,0,0);
    insert into eba_demo_chart_stats (name,country,employee,employer,total) values ('NZ','New Zealand',0,0,0);
    insert into eba_demo_chart_stats (name,country,employee,employer,total) values ('PO','Poland',3,2.6,6.8);
    insert into eba_demo_chart_stats (name,country,employee,employer,total) values ('SK','Slovakia',0.9,2.5,4.3);
    insert into eba_demo_chart_stats (name,country,employee,employer,total) values ('ES','Spain',1.4,6.8,9.2);
    insert into eba_demo_chart_stats (name,country,employee,employer,total) values ('SE','Sweden',2.5,3.6,6.2);
    insert into eba_demo_chart_stats (name,country,employee,employer,total) values ('CH','Switzerland',2.7,2.7,5.9);
    insert into eba_demo_chart_stats (name,country,employee,employer,total) values ('TR','Turkey',1.1,1.3,2.4);
    insert into eba_demo_chart_stats (name,country,employee,employer,total) values ('US','United States',1.8,3,5.2);

/* Charts Stocks Table Data */
    l_open  := 200;
    l_close := dbms_random.value*5+200;
    insert into eba_demo_chart_stocks (ID, STOCK_CODE, STOCK_NAME, PRICING_DATE, PRICING_TIMESTAMP, PRICING_TIMESTAMP_TZ,OPENING_VAL,HIGH,LOW,CLOSING_VAL,VOLUME) values (1,'METR','Metro Trading',SYSDATE - 500, SYSTIMESTAMP - 500,LOCALTIMESTAMP -500,200,202,199,l_close,1000000);
    for i in 1..500 loop  
        l_open   := l_close;
        l_close  := l_open + dbms_random.value * 5 * power(-1, round(dbms_random.value));
        l_high   := greatest(l_open, l_close) + dbms_random.value * 2;
        l_low    := least(l_open, l_close) - dbms_random.value * 2;
        l_volume := 1000000 + dbms_random.value * 10000000;
        
        insert into eba_demo_chart_stocks (ID, STOCK_CODE, STOCK_NAME, PRICING_DATE, PRICING_TIMESTAMP, PRICING_TIMESTAMP_TZ,OPENING_VAL,HIGH,LOW,CLOSING_VAL,VOLUME) values (i+1,'METR','Metro Trading', SYSDATE-500+i, SYSTIMESTAMP-500+i,CURRENT_TIMESTAMP-500+i,l_open,l_high,l_low,l_close,l_volume);
    end loop;
    
/* Box Plot Grades Table Data */
    insert into eba_demo_chart_grades (ID,COURSE,SCHOOLA,SCHOOLB,SCHOOLC) values (1,'English',93,53,71);
    insert into eba_demo_chart_grades (ID,COURSE,SCHOOLA,SCHOOLB,SCHOOLC) values (2,'Physics',61,55,65);
    insert into eba_demo_chart_grades (ID,COURSE,SCHOOLA,SCHOOLB,SCHOOLC) values (3,'English',70,50,90);
    insert into eba_demo_chart_grades (ID,COURSE,SCHOOLA,SCHOOLB,SCHOOLC) values (4,'Math',50,70,45);
    insert into eba_demo_chart_grades (ID,COURSE,SCHOOLA,SCHOOLB,SCHOOLC) values (5,'English',30,67,90);
    insert into eba_demo_chart_grades (ID,COURSE,SCHOOLA,SCHOOLB,SCHOOLC) values (6,'English',85,56,67);
    insert into eba_demo_chart_grades (ID,COURSE,SCHOOLA,SCHOOLB,SCHOOLC) values (7,'Math',70,45,59);
    insert into eba_demo_chart_grades (ID,COURSE,SCHOOLA,SCHOOLB,SCHOOLC) values (8,'Math',62,53,66);
    insert into eba_demo_chart_grades (ID,COURSE,SCHOOLA,SCHOOLB,SCHOOLC) values (9,'English',77,50,60);
    insert into eba_demo_chart_grades (ID,COURSE,SCHOOLA,SCHOOLB,SCHOOLC) values (10,'English',90,54,69);
    insert into eba_demo_chart_grades (ID,COURSE,SCHOOLA,SCHOOLB,SCHOOLC) values (11,'Physics',60,40,64);
    insert into eba_demo_chart_grades (ID,COURSE,SCHOOLA,SCHOOLB,SCHOOLC) values (12,'English',88,28,67);
    insert into eba_demo_chart_grades (ID,COURSE,SCHOOLA,SCHOOLB,SCHOOLC) values (13,'Math',71,56,45);
    insert into eba_demo_chart_grades (ID,COURSE,SCHOOLA,SCHOOLB,SCHOOLC) values (14,'Math',63,58,64);
    insert into eba_demo_chart_grades (ID,COURSE,SCHOOLA,SCHOOLB,SCHOOLC) values (15,'English',59,54,65);
    
/* Box Plot Samples Table Data */
    insert into eba_demo_chart_samples (SAMPLE1,SAMPLE2,SAMPLE3,SAMPLE4,SAMPLE5) values (9.64,6.48,9.36,6.48,9.36);
    insert into eba_demo_chart_samples (SAMPLE1,SAMPLE2,SAMPLE3,SAMPLE4,SAMPLE5) values (9.47,9.81,16.31,9.81,16.31);
    insert into eba_demo_chart_samples (SAMPLE1,SAMPLE2,SAMPLE3,SAMPLE4,SAMPLE5) values (9.03,8.95,4.02,8.95,4.02);
    insert into eba_demo_chart_samples (SAMPLE1,SAMPLE2,SAMPLE3,SAMPLE4,SAMPLE5) values (9.44,12.79,8.4,12.79,8.4);
    insert into eba_demo_chart_samples (SAMPLE1,SAMPLE2,SAMPLE3,SAMPLE4,SAMPLE5) values (11.07,16.17,16.42,16.17,16.42);
    insert into eba_demo_chart_samples (SAMPLE1,SAMPLE2,SAMPLE3,SAMPLE4,SAMPLE5) values (9.11,16.54,15.81,16.54,15.81);
    insert into eba_demo_chart_samples (SAMPLE1,SAMPLE2,SAMPLE3,SAMPLE4,SAMPLE5) values (9.23,12.93,3.76,12.93,3.76);
    insert into eba_demo_chart_samples (SAMPLE1,SAMPLE2,SAMPLE3,SAMPLE4,SAMPLE5) values (9.55,9.23,7.17,9.23,7.17);
    insert into eba_demo_chart_samples (SAMPLE1,SAMPLE2,SAMPLE3,SAMPLE4,SAMPLE5) values (11.17,18.93,12.78,18.93,12.78);
    insert into eba_demo_chart_samples (SAMPLE1,SAMPLE2,SAMPLE3,SAMPLE4,SAMPLE5) values (9.84,14.94,13.57,14.94,13.57);
    insert into eba_demo_chart_samples (SAMPLE1,SAMPLE2,SAMPLE3,SAMPLE4,SAMPLE5) values (11,0.21,16.99,0.21,16.99);
    insert into eba_demo_chart_samples (SAMPLE1,SAMPLE2,SAMPLE3,SAMPLE4,SAMPLE5) values (10.01,12.13,0.72,12.13,0.72);
    insert into eba_demo_chart_samples (SAMPLE1,SAMPLE2,SAMPLE3,SAMPLE4,SAMPLE5) values (10.12,16.18,5.64,16.18,5.64);
    insert into eba_demo_chart_samples (SAMPLE1,SAMPLE2,SAMPLE3,SAMPLE4,SAMPLE5) values (9.24,12.78,16.16,12.78,16.16);
    insert into eba_demo_chart_samples (SAMPLE1,SAMPLE2,SAMPLE3,SAMPLE4,SAMPLE5) values (11.32,12.29,9.98,12.29,9.98);
    insert into eba_demo_chart_samples (SAMPLE1,SAMPLE2,SAMPLE3,SAMPLE4,SAMPLE5) values (9.55,10.85,-1.45,10.85,-1.45);
    insert into eba_demo_chart_samples (SAMPLE1,SAMPLE2,SAMPLE3,SAMPLE4,SAMPLE5) values (10.37,16.72,null,16.72,13.97);
    insert into eba_demo_chart_samples (SAMPLE1,SAMPLE2,SAMPLE3,SAMPLE4,SAMPLE5) values (9.49,13.36,null,13.36,13.37);
    insert into eba_demo_chart_samples (SAMPLE1,SAMPLE2,SAMPLE3,SAMPLE4,SAMPLE5) values (8.99,6.99,null,6.99,3.39);
    insert into eba_demo_chart_samples (SAMPLE1,SAMPLE2,SAMPLE3,SAMPLE4,SAMPLE5) values (9.66,15.18,null,15.18,9.12);
    insert into eba_demo_chart_samples (SAMPLE1,SAMPLE2,SAMPLE3,SAMPLE4,SAMPLE5) values (10.78,10.86,null,10.86,-2.9);
    insert into eba_demo_chart_samples (SAMPLE1,SAMPLE2,SAMPLE3,SAMPLE4,SAMPLE5) values (11.31,13.78,null,13.78,10.52);
    insert into eba_demo_chart_samples (SAMPLE1,SAMPLE2,SAMPLE3,SAMPLE4,SAMPLE5) values (9.71,8.31,null,8.31,15.04);
    insert into eba_demo_chart_samples (SAMPLE1,SAMPLE2,SAMPLE3,SAMPLE4,SAMPLE5) values (9.86,6.82,null,6.82,7.24);
    insert into eba_demo_chart_samples (SAMPLE1,SAMPLE2,SAMPLE3,SAMPLE4,SAMPLE5) values (10.42,6.75,null,6.75,13.87);
    insert into eba_demo_chart_samples (SAMPLE1,SAMPLE2,SAMPLE3,SAMPLE4,SAMPLE5) values (9.57,10.13,null,10.13,11.42);
    insert into eba_demo_chart_samples (SAMPLE1,SAMPLE2,SAMPLE3,SAMPLE4,SAMPLE5) values (8.92,17.08,null,17.08,12.79);
    insert into eba_demo_chart_samples (SAMPLE1,SAMPLE2,SAMPLE3,SAMPLE4,SAMPLE5) values (10.8,14.56,null,14.56,17.91);
    insert into eba_demo_chart_samples (SAMPLE1,SAMPLE2,SAMPLE3,SAMPLE4,SAMPLE5) values (10.31,18.52,null,18.52,12.5);
    insert into eba_demo_chart_samples (SAMPLE1,SAMPLE2,SAMPLE3,SAMPLE4,SAMPLE5) values (8.64,11.66,null,11.66,7.41);
    insert into eba_demo_chart_samples (SAMPLE1,SAMPLE2,SAMPLE3,SAMPLE4,SAMPLE5) values (11.06,18.01,null,18.01,21.19);
    insert into eba_demo_chart_samples (SAMPLE1,SAMPLE2,SAMPLE3,SAMPLE4,SAMPLE5) values (8.65,13.39,null,13.39,9.69);
    insert into eba_demo_chart_samples (SAMPLE1,SAMPLE2,SAMPLE3,SAMPLE4,SAMPLE5) values (10.5,14.9,null,14.9,6.79);
    insert into eba_demo_chart_samples (SAMPLE1,SAMPLE2,SAMPLE3,SAMPLE4,SAMPLE5) values (8.3,20.97,null,20.97,15.16);
    insert into eba_demo_chart_samples (SAMPLE1,SAMPLE2,SAMPLE3,SAMPLE4,SAMPLE5) values (7.87,11,null,11,3.19);
    insert into eba_demo_chart_samples (SAMPLE1,SAMPLE2,SAMPLE3,SAMPLE4,SAMPLE5) values (9.5,3.85,null,3.85,15.05);
    insert into eba_demo_chart_samples (SAMPLE1,SAMPLE2,SAMPLE3,SAMPLE4,SAMPLE5) values (9.54,4.18,null,4.18,13.83);
    insert into eba_demo_chart_samples (SAMPLE1,SAMPLE2,SAMPLE3,SAMPLE4,SAMPLE5) values (11.24,15.34,null,15.34,7.2);
    insert into eba_demo_chart_samples (SAMPLE1,SAMPLE2,SAMPLE3,SAMPLE4,SAMPLE5) values (8.96,12.6,null,12.6,7);
    insert into eba_demo_chart_samples (SAMPLE1,SAMPLE2,SAMPLE3,SAMPLE4,SAMPLE5) values (9.5,18.48,null,18.48,8);
    insert into eba_demo_chart_samples (SAMPLE1,SAMPLE2,SAMPLE3,SAMPLE4,SAMPLE5) values (9.51,17.22,null,17.22,9);
    insert into eba_demo_chart_samples (SAMPLE1,SAMPLE2,SAMPLE3,SAMPLE4,SAMPLE5) values (9.29,15.53,null,15.53,null);
    insert into eba_demo_chart_samples (SAMPLE1,SAMPLE2,SAMPLE3,SAMPLE4,SAMPLE5) values (9.63,10.44,null,10.44,null);
    insert into eba_demo_chart_samples (SAMPLE1,SAMPLE2,SAMPLE3,SAMPLE4,SAMPLE5) values (9.09,10.31,null,10.31,null);
    insert into eba_demo_chart_samples (SAMPLE1,SAMPLE2,SAMPLE3,SAMPLE4,SAMPLE5) values (10.36,5.24,null,5.24,null);
    insert into eba_demo_chart_samples (SAMPLE1,SAMPLE2,SAMPLE3,SAMPLE4,SAMPLE5) values (9.21,18.02,null,18.02,null);
    insert into eba_demo_chart_samples (SAMPLE1,SAMPLE2,SAMPLE3,SAMPLE4,SAMPLE5) values (10.46,6.82,null,6.82,null);
    insert into eba_demo_chart_samples (SAMPLE1,SAMPLE2,SAMPLE3,SAMPLE4,SAMPLE5) values (9.09,9.07,null,9.07,null);
    insert into eba_demo_chart_samples (SAMPLE1,SAMPLE2,SAMPLE3,SAMPLE4,SAMPLE5) values (9.68,12.86,null,12.86,null);
    insert into eba_demo_chart_samples (SAMPLE1,SAMPLE2,SAMPLE3,SAMPLE4,SAMPLE5) values (10.51,10.73,null,10.73,null);
    insert into eba_demo_chart_samples (SAMPLE1,SAMPLE2,SAMPLE3,SAMPLE4,SAMPLE5) values (10.78,17.69,null,17.69,null);
    insert into eba_demo_chart_samples (SAMPLE1,SAMPLE2,SAMPLE3,SAMPLE4,SAMPLE5) values (10.27,12.12,null,12.12,null);
    insert into eba_demo_chart_samples (SAMPLE1,SAMPLE2,SAMPLE3,SAMPLE4,SAMPLE5) values (10.61,12.21,null,12.21,null);
    insert into eba_demo_chart_samples (SAMPLE1,SAMPLE2,SAMPLE3,SAMPLE4,SAMPLE5) values (9.59,5.66,null,5.66,null);
    insert into eba_demo_chart_samples (SAMPLE1,SAMPLE2,SAMPLE3,SAMPLE4,SAMPLE5) values (9.61,9.3,null,9.3,null);
    insert into eba_demo_chart_samples (SAMPLE1,SAMPLE2,SAMPLE3,SAMPLE4,SAMPLE5) values (10.6,13.49,null,13.49,null);
    insert into eba_demo_chart_samples (SAMPLE1,SAMPLE2,SAMPLE3,SAMPLE4,SAMPLE5) values (10.2,13.67,null,13.67,null);
    insert into eba_demo_chart_samples (SAMPLE1,SAMPLE2,SAMPLE3,SAMPLE4,SAMPLE5) values (9.31,9.06,null,9.06,null);
    insert into eba_demo_chart_samples (SAMPLE1,SAMPLE2,SAMPLE3,SAMPLE4,SAMPLE5) values (8.47,16.6,null,16.6,null);
    insert into eba_demo_chart_samples (SAMPLE1,SAMPLE2,SAMPLE3,SAMPLE4,SAMPLE5) values (10.71,14.83,null,14.83,null);
    insert into eba_demo_chart_samples (SAMPLE1,SAMPLE2,SAMPLE3,SAMPLE4,SAMPLE5) values (7.98,12.6,null,12.6,null);
    insert into eba_demo_chart_samples (SAMPLE1,SAMPLE2,SAMPLE3,SAMPLE4,SAMPLE5) values (11.25,15.25,null,15.25,null);
    insert into eba_demo_chart_samples (SAMPLE1,SAMPLE2,SAMPLE3,SAMPLE4,SAMPLE5) values (8.19,9.22,null,9.22,null);
    insert into eba_demo_chart_samples (SAMPLE1,SAMPLE2,SAMPLE3,SAMPLE4,SAMPLE5) values (9.97,12.11,null,12.11,null);
    insert into eba_demo_chart_samples (SAMPLE1,SAMPLE2,SAMPLE3,SAMPLE4,SAMPLE5) values (9.86,7.43,null,7.43,null);
    insert into eba_demo_chart_samples (SAMPLE1,SAMPLE2,SAMPLE3,SAMPLE4,SAMPLE5) values (12.07,12.19,null,12.19,null);
    insert into eba_demo_chart_samples (SAMPLE1,SAMPLE2,SAMPLE3,SAMPLE4,SAMPLE5) values (11.09,16.49,null,16.49,null);
    insert into eba_demo_chart_samples (SAMPLE1,SAMPLE2,SAMPLE3,SAMPLE4,SAMPLE5) values (10.53,9.41,null,9.41,null);
    insert into eba_demo_chart_samples (SAMPLE1,SAMPLE2,SAMPLE3,SAMPLE4,SAMPLE5) values (9.74,10.49,null,10.49,null);
    insert into eba_demo_chart_samples (SAMPLE1,SAMPLE2,SAMPLE3,SAMPLE4,SAMPLE5) values (10.92,18.6,null,18.6,null);
    insert into eba_demo_chart_samples (SAMPLE1,SAMPLE2,SAMPLE3,SAMPLE4,SAMPLE5) values (8.65,16.65,null,16.65,null);
    insert into eba_demo_chart_samples (SAMPLE1,SAMPLE2,SAMPLE3,SAMPLE4,SAMPLE5) values (9.31,11.17,null,11.17,null);
    insert into eba_demo_chart_samples (SAMPLE1,SAMPLE2,SAMPLE3,SAMPLE4,SAMPLE5) values (11.2,14.49,null,14.49,null);
    insert into eba_demo_chart_samples (SAMPLE1,SAMPLE2,SAMPLE3,SAMPLE4,SAMPLE5) values (8.6,16.34,null,16.34,null);
    insert into eba_demo_chart_samples (SAMPLE1,SAMPLE2,SAMPLE3,SAMPLE4,SAMPLE5) values (12.55,10.31,null,10.31,null);
    insert into eba_demo_chart_samples (SAMPLE1,SAMPLE2,SAMPLE3,SAMPLE4,SAMPLE5) values (11.95,11.37,null,11.37,null);
    insert into eba_demo_chart_samples (SAMPLE1,SAMPLE2,SAMPLE3,SAMPLE4,SAMPLE5) values (10.9,null,null,null,null);
    insert into eba_demo_chart_samples (SAMPLE1,SAMPLE2,SAMPLE3,SAMPLE4,SAMPLE5) values (10.97,null,null,null,null);
    insert into eba_demo_chart_samples (SAMPLE1,SAMPLE2,SAMPLE3,SAMPLE4,SAMPLE5) values (9.26,null,null,null,null);
    insert into eba_demo_chart_samples (SAMPLE1,SAMPLE2,SAMPLE3,SAMPLE4,SAMPLE5) values (10.32,null,null,null,null);
    insert into eba_demo_chart_samples (SAMPLE1,SAMPLE2,SAMPLE3,SAMPLE4,SAMPLE5) values (8.74,null,null,null,null);
    insert into eba_demo_chart_samples (SAMPLE1,SAMPLE2,SAMPLE3,SAMPLE4,SAMPLE5) values (11.06,null,null,null,null);
    insert into eba_demo_chart_samples (SAMPLE1,SAMPLE2,SAMPLE3,SAMPLE4,SAMPLE5) values (8.99,null,null,null,null);
    insert into eba_demo_chart_samples (SAMPLE1,SAMPLE2,SAMPLE3,SAMPLE4,SAMPLE5) values (9.74,null,null,null,null);
    insert into eba_demo_chart_samples (SAMPLE1,SAMPLE2,SAMPLE3,SAMPLE4,SAMPLE5) values (9.59,null,null,null,null);
    insert into eba_demo_chart_samples (SAMPLE1,SAMPLE2,SAMPLE3,SAMPLE4,SAMPLE5) values (10.55,null,null,null,null);
    insert into eba_demo_chart_samples (SAMPLE1,SAMPLE2,SAMPLE3,SAMPLE4,SAMPLE5) values (10.95,null,null,null,null);
    insert into eba_demo_chart_samples (SAMPLE1,SAMPLE2,SAMPLE3,SAMPLE4,SAMPLE5) values (10.8,null,null,null,null);
    insert into eba_demo_chart_samples (SAMPLE1,SAMPLE2,SAMPLE3,SAMPLE4,SAMPLE5) values (9.69,null,null,null,null);
    insert into eba_demo_chart_samples (SAMPLE1,SAMPLE2,SAMPLE3,SAMPLE4,SAMPLE5) values (11.75,null,null,null,null);
    insert into eba_demo_chart_samples (SAMPLE1,SAMPLE2,SAMPLE3,SAMPLE4,SAMPLE5) values (10,null,null,null,null);
    insert into eba_demo_chart_samples (SAMPLE1,SAMPLE2,SAMPLE3,SAMPLE4,SAMPLE5) values (9.14,null,null,null,null);
    insert into eba_demo_chart_samples (SAMPLE1,SAMPLE2,SAMPLE3,SAMPLE4,SAMPLE5) values (10.06,null,null,null,null);
    insert into eba_demo_chart_samples (SAMPLE1,SAMPLE2,SAMPLE3,SAMPLE4,SAMPLE5) values (9.69,null,null,null,null);
    insert into eba_demo_chart_samples (SAMPLE1,SAMPLE2,SAMPLE3,SAMPLE4,SAMPLE5) values (10.11,null,null,null,null);
    insert into eba_demo_chart_samples (SAMPLE1,SAMPLE2,SAMPLE3,SAMPLE4,SAMPLE5) values (11.15,null,null,null,null);
    insert into eba_demo_chart_samples (SAMPLE1,SAMPLE2,SAMPLE3,SAMPLE4,SAMPLE5) values (10.73,null,null,null,null);
    insert into eba_demo_chart_samples (SAMPLE1,SAMPLE2,SAMPLE3,SAMPLE4,SAMPLE5) values (10.6,null,null,null,null);
    insert into eba_demo_chart_samples (SAMPLE1,SAMPLE2,SAMPLE3,SAMPLE4,SAMPLE5) values (10.33,null,null,null,null);
    insert into eba_demo_chart_samples (SAMPLE1,SAMPLE2,SAMPLE3,SAMPLE4,SAMPLE5) values (9.63,null,null,null,null);
    
/* Box Plot Sample Names Table Data */
    insert into eba_demo_chart_sample_names (ID,SAMPLE_NAME,SAMPLE_DATE) values (1,'Sample 1',to_date('20-07-17','DD-MM-RR'));
    insert into eba_demo_chart_sample_names (ID,SAMPLE_NAME,SAMPLE_DATE) values (2,'Sample 2',to_date('27-07-17','DD-MM-RR'));
    insert into eba_demo_chart_sample_names (ID,SAMPLE_NAME,SAMPLE_DATE) values (3,'Sample 3',to_date('30-07-17','DD-MM-RR'));
    insert into eba_demo_chart_sample_names (ID,SAMPLE_NAME,SAMPLE_DATE) values (4,'Sample 4',to_date('03-08-17','DD-MM-RR'));
    insert into eba_demo_chart_sample_names (ID,SAMPLE_NAME,SAMPLE_DATE) values (5,'Sample 5',to_date('10-08-17','DD-MM-RR'));
    
/* Box Plot Sample Data Table Data */
    insert into eba_demo_chart_sample_data (ID,SAMPLE_ID,RESPONSE) values (321,1,9.64);
    insert into eba_demo_chart_sample_data (ID,SAMPLE_ID,RESPONSE) values (322,2,6.48);
    insert into eba_demo_chart_sample_data (ID,SAMPLE_ID,RESPONSE) values (323,3,9.36);
    insert into eba_demo_chart_sample_data (ID,SAMPLE_ID,RESPONSE) values (324,4,6.48);
    insert into eba_demo_chart_sample_data (ID,SAMPLE_ID,RESPONSE) values (325,5,9.36);
    insert into eba_demo_chart_sample_data (ID,SAMPLE_ID,RESPONSE) values (326,1,9.47);
    insert into eba_demo_chart_sample_data (ID,SAMPLE_ID,RESPONSE) values (327,2,9.81);
    insert into eba_demo_chart_sample_data (ID,SAMPLE_ID,RESPONSE) values (328,3,16.31);
    insert into eba_demo_chart_sample_data (ID,SAMPLE_ID,RESPONSE) values (329,4,9.81);
    insert into eba_demo_chart_sample_data (ID,SAMPLE_ID,RESPONSE) values (330,5,16.31);
    insert into eba_demo_chart_sample_data (ID,SAMPLE_ID,RESPONSE) values (331,1,9.03);
    insert into eba_demo_chart_sample_data (ID,SAMPLE_ID,RESPONSE) values (332,2,8.95);
    insert into eba_demo_chart_sample_data (ID,SAMPLE_ID,RESPONSE) values (333,3,4.02);
    insert into eba_demo_chart_sample_data (ID,SAMPLE_ID,RESPONSE) values (334,4,8.95);
    insert into eba_demo_chart_sample_data (ID,SAMPLE_ID,RESPONSE) values (335,5,4.02);
    insert into eba_demo_chart_sample_data (ID,SAMPLE_ID,RESPONSE) values (336,1,9.44);
    insert into eba_demo_chart_sample_data (ID,SAMPLE_ID,RESPONSE) values (337,2,12.79);
    insert into eba_demo_chart_sample_data (ID,SAMPLE_ID,RESPONSE) values (338,3,8.4);
    insert into eba_demo_chart_sample_data (ID,SAMPLE_ID,RESPONSE) values (339,4,12.79);
    insert into eba_demo_chart_sample_data (ID,SAMPLE_ID,RESPONSE) values (340,5,8.4);
    insert into eba_demo_chart_sample_data (ID,SAMPLE_ID,RESPONSE) values (341,1,11.07);
    insert into eba_demo_chart_sample_data (ID,SAMPLE_ID,RESPONSE) values (342,2,16.17);
    insert into eba_demo_chart_sample_data (ID,SAMPLE_ID,RESPONSE) values (343,3,16.42);
    insert into eba_demo_chart_sample_data (ID,SAMPLE_ID,RESPONSE) values (344,4,16.17);
    insert into eba_demo_chart_sample_data (ID,SAMPLE_ID,RESPONSE) values (345,5,16.42);
    insert into eba_demo_chart_sample_data (ID,SAMPLE_ID,RESPONSE) values (346,1,9.11);
    insert into eba_demo_chart_sample_data (ID,SAMPLE_ID,RESPONSE) values (347,2,16.54);
    insert into eba_demo_chart_sample_data (ID,SAMPLE_ID,RESPONSE) values (348,3,15.81);
    insert into eba_demo_chart_sample_data (ID,SAMPLE_ID,RESPONSE) values (349,4,16.54);
    insert into eba_demo_chart_sample_data (ID,SAMPLE_ID,RESPONSE) values (350,5,15.81);
    insert into eba_demo_chart_sample_data (ID,SAMPLE_ID,RESPONSE) values (351,1,9.23);
    insert into eba_demo_chart_sample_data (ID,SAMPLE_ID,RESPONSE) values (352,2,12.93);
    insert into eba_demo_chart_sample_data (ID,SAMPLE_ID,RESPONSE) values (353,3,3.76);
    insert into eba_demo_chart_sample_data (ID,SAMPLE_ID,RESPONSE) values (354,4,12.93);
    insert into eba_demo_chart_sample_data (ID,SAMPLE_ID,RESPONSE) values (355,5,3.76);
    insert into eba_demo_chart_sample_data (ID,SAMPLE_ID,RESPONSE) values (356,1,9.55);
    insert into eba_demo_chart_sample_data (ID,SAMPLE_ID,RESPONSE) values (357,2,9.23);
    insert into eba_demo_chart_sample_data (ID,SAMPLE_ID,RESPONSE) values (358,3,7.17);
    insert into eba_demo_chart_sample_data (ID,SAMPLE_ID,RESPONSE) values (359,4,9.23);
    insert into eba_demo_chart_sample_data (ID,SAMPLE_ID,RESPONSE) values (360,5,7.17);
    insert into eba_demo_chart_sample_data (ID,SAMPLE_ID,RESPONSE) values (361,1,11.17);
    insert into eba_demo_chart_sample_data (ID,SAMPLE_ID,RESPONSE) values (362,2,18.93);
    insert into eba_demo_chart_sample_data (ID,SAMPLE_ID,RESPONSE) values (363,3,12.78);
    insert into eba_demo_chart_sample_data (ID,SAMPLE_ID,RESPONSE) values (364,4,18.93);
    insert into eba_demo_chart_sample_data (ID,SAMPLE_ID,RESPONSE) values (365,5,12.78);
    insert into eba_demo_chart_sample_data (ID,SAMPLE_ID,RESPONSE) values (366,1,9.84);
    insert into eba_demo_chart_sample_data (ID,SAMPLE_ID,RESPONSE) values (367,2,14.94);
    insert into eba_demo_chart_sample_data (ID,SAMPLE_ID,RESPONSE) values (368,3,13.57);
    insert into eba_demo_chart_sample_data (ID,SAMPLE_ID,RESPONSE) values (369,4,14.94);
    insert into eba_demo_chart_sample_data (ID,SAMPLE_ID,RESPONSE) values (370,5,13.57);
    insert into eba_demo_chart_sample_data (ID,SAMPLE_ID,RESPONSE) values (371,1,11);
    insert into eba_demo_chart_sample_data (ID,SAMPLE_ID,RESPONSE) values (372,2,0.21);
    insert into eba_demo_chart_sample_data (ID,SAMPLE_ID,RESPONSE) values (373,3,16.99);
    insert into eba_demo_chart_sample_data (ID,SAMPLE_ID,RESPONSE) values (374,4,0.21);
    insert into eba_demo_chart_sample_data (ID,SAMPLE_ID,RESPONSE) values (375,5,16.99);
    insert into eba_demo_chart_sample_data (ID,SAMPLE_ID,RESPONSE) values (376,1,10.01);
    insert into eba_demo_chart_sample_data (ID,SAMPLE_ID,RESPONSE) values (377,2,12.13);
    insert into eba_demo_chart_sample_data (ID,SAMPLE_ID,RESPONSE) values (378,3,0.72);
    insert into eba_demo_chart_sample_data (ID,SAMPLE_ID,RESPONSE) values (379,4,12.13);
    insert into eba_demo_chart_sample_data (ID,SAMPLE_ID,RESPONSE) values (380,5,0.72);
    insert into eba_demo_chart_sample_data (ID,SAMPLE_ID,RESPONSE) values (381,1,10.12);
    insert into eba_demo_chart_sample_data (ID,SAMPLE_ID,RESPONSE) values (382,2,16.18);
    insert into eba_demo_chart_sample_data (ID,SAMPLE_ID,RESPONSE) values (383,3,5.64);
    insert into eba_demo_chart_sample_data (ID,SAMPLE_ID,RESPONSE) values (384,4,16.18);
    insert into eba_demo_chart_sample_data (ID,SAMPLE_ID,RESPONSE) values (385,5,5.64);
    insert into eba_demo_chart_sample_data (ID,SAMPLE_ID,RESPONSE) values (386,1,9.24);
    insert into eba_demo_chart_sample_data (ID,SAMPLE_ID,RESPONSE) values (387,2,12.78);
    insert into eba_demo_chart_sample_data (ID,SAMPLE_ID,RESPONSE) values (388,3,16.16);
    insert into eba_demo_chart_sample_data (ID,SAMPLE_ID,RESPONSE) values (389,4,12.78);
    insert into eba_demo_chart_sample_data (ID,SAMPLE_ID,RESPONSE) values (390,5,16.16);
    insert into eba_demo_chart_sample_data (ID,SAMPLE_ID,RESPONSE) values (391,1,11.32);
    insert into eba_demo_chart_sample_data (ID,SAMPLE_ID,RESPONSE) values (392,2,12.29);
    insert into eba_demo_chart_sample_data (ID,SAMPLE_ID,RESPONSE) values (393,3,9.98);
    insert into eba_demo_chart_sample_data (ID,SAMPLE_ID,RESPONSE) values (394,4,12.29);
    insert into eba_demo_chart_sample_data (ID,SAMPLE_ID,RESPONSE) values (395,5,9.98);
    insert into eba_demo_chart_sample_data (ID,SAMPLE_ID,RESPONSE) values (396,1,9.55);
    insert into eba_demo_chart_sample_data (ID,SAMPLE_ID,RESPONSE) values (397,2,10.85);
    insert into eba_demo_chart_sample_data (ID,SAMPLE_ID,RESPONSE) values (398,3,-1.45);
    insert into eba_demo_chart_sample_data (ID,SAMPLE_ID,RESPONSE) values (399,4,10.85);
    insert into eba_demo_chart_sample_data (ID,SAMPLE_ID,RESPONSE) values (400,5,-1.45);
    insert into eba_demo_chart_sample_data (ID,SAMPLE_ID,RESPONSE) values (401,1,10.37);
    insert into eba_demo_chart_sample_data (ID,SAMPLE_ID,RESPONSE) values (402,2,16.72);
    insert into eba_demo_chart_sample_data (ID,SAMPLE_ID,RESPONSE) values (403,4,16.72);
    insert into eba_demo_chart_sample_data (ID,SAMPLE_ID,RESPONSE) values (404,5,13.97);
    insert into eba_demo_chart_sample_data (ID,SAMPLE_ID,RESPONSE) values (405,1,9.49);
    insert into eba_demo_chart_sample_data (ID,SAMPLE_ID,RESPONSE) values (406,2,13.36);
    insert into eba_demo_chart_sample_data (ID,SAMPLE_ID,RESPONSE) values (407,4,13.36);
    insert into eba_demo_chart_sample_data (ID,SAMPLE_ID,RESPONSE) values (408,5,13.37);
    insert into eba_demo_chart_sample_data (ID,SAMPLE_ID,RESPONSE) values (409,1,8.99);
    insert into eba_demo_chart_sample_data (ID,SAMPLE_ID,RESPONSE) values (410,2,6.99);
    insert into eba_demo_chart_sample_data (ID,SAMPLE_ID,RESPONSE) values (411,4,6.99);
    insert into eba_demo_chart_sample_data (ID,SAMPLE_ID,RESPONSE) values (412,5,3.39);
    insert into eba_demo_chart_sample_data (ID,SAMPLE_ID,RESPONSE) values (413,1,9.66);
    insert into eba_demo_chart_sample_data (ID,SAMPLE_ID,RESPONSE) values (414,2,15.18);
    insert into eba_demo_chart_sample_data (ID,SAMPLE_ID,RESPONSE) values (415,4,15.18);
    insert into eba_demo_chart_sample_data (ID,SAMPLE_ID,RESPONSE) values (416,5,9.12);
    insert into eba_demo_chart_sample_data (ID,SAMPLE_ID,RESPONSE) values (417,1,10.78);
    insert into eba_demo_chart_sample_data (ID,SAMPLE_ID,RESPONSE) values (418,2,10.86);
    insert into eba_demo_chart_sample_data (ID,SAMPLE_ID,RESPONSE) values (419,4,10.86);
    insert into eba_demo_chart_sample_data (ID,SAMPLE_ID,RESPONSE) values (420,5,-2.9);
    insert into eba_demo_chart_sample_data (ID,SAMPLE_ID,RESPONSE) values (421,1,11.31);
    insert into eba_demo_chart_sample_data (ID,SAMPLE_ID,RESPONSE) values (422,2,13.78);
    insert into eba_demo_chart_sample_data (ID,SAMPLE_ID,RESPONSE) values (423,4,13.78);
    insert into eba_demo_chart_sample_data (ID,SAMPLE_ID,RESPONSE) values (424,5,10.52);
    insert into eba_demo_chart_sample_data (ID,SAMPLE_ID,RESPONSE) values (425,1,9.71);
    insert into eba_demo_chart_sample_data (ID,SAMPLE_ID,RESPONSE) values (426,2,8.31);
    insert into eba_demo_chart_sample_data (ID,SAMPLE_ID,RESPONSE) values (427,4,8.31);
    insert into eba_demo_chart_sample_data (ID,SAMPLE_ID,RESPONSE) values (428,5,15.04);
    insert into eba_demo_chart_sample_data (ID,SAMPLE_ID,RESPONSE) values (429,1,9.86);
    insert into eba_demo_chart_sample_data (ID,SAMPLE_ID,RESPONSE) values (430,2,6.82);
    insert into eba_demo_chart_sample_data (ID,SAMPLE_ID,RESPONSE) values (431,4,6.82);
    insert into eba_demo_chart_sample_data (ID,SAMPLE_ID,RESPONSE) values (432,5,7.24);
    insert into eba_demo_chart_sample_data (ID,SAMPLE_ID,RESPONSE) values (433,1,10.42);
    insert into eba_demo_chart_sample_data (ID,SAMPLE_ID,RESPONSE) values (434,2,6.75);
    insert into eba_demo_chart_sample_data (ID,SAMPLE_ID,RESPONSE) values (435,4,6.75);
    insert into eba_demo_chart_sample_data (ID,SAMPLE_ID,RESPONSE) values (436,5,13.87);
    insert into eba_demo_chart_sample_data (ID,SAMPLE_ID,RESPONSE) values (437,1,9.57);
    insert into eba_demo_chart_sample_data (ID,SAMPLE_ID,RESPONSE) values (438,2,10.13);
    insert into eba_demo_chart_sample_data (ID,SAMPLE_ID,RESPONSE) values (439,4,10.13);
    insert into eba_demo_chart_sample_data (ID,SAMPLE_ID,RESPONSE) values (440,5,11.42);
    insert into eba_demo_chart_sample_data (ID,SAMPLE_ID,RESPONSE) values (441,1,8.92);
    insert into eba_demo_chart_sample_data (ID,SAMPLE_ID,RESPONSE) values (442,2,17.08);
    insert into eba_demo_chart_sample_data (ID,SAMPLE_ID,RESPONSE) values (443,4,17.08);
    insert into eba_demo_chart_sample_data (ID,SAMPLE_ID,RESPONSE) values (444,5,12.79);
    insert into eba_demo_chart_sample_data (ID,SAMPLE_ID,RESPONSE) values (445,1,10.8);
    insert into eba_demo_chart_sample_data (ID,SAMPLE_ID,RESPONSE) values (446,2,14.56);
    insert into eba_demo_chart_sample_data (ID,SAMPLE_ID,RESPONSE) values (447,4,14.56);
    insert into eba_demo_chart_sample_data (ID,SAMPLE_ID,RESPONSE) values (448,5,17.91);
    insert into eba_demo_chart_sample_data (ID,SAMPLE_ID,RESPONSE) values (449,1,10.31);
    insert into eba_demo_chart_sample_data (ID,SAMPLE_ID,RESPONSE) values (450,2,18.52);
    insert into eba_demo_chart_sample_data (ID,SAMPLE_ID,RESPONSE) values (451,4,18.52);
    insert into eba_demo_chart_sample_data (ID,SAMPLE_ID,RESPONSE) values (452,5,12.5);
    insert into eba_demo_chart_sample_data (ID,SAMPLE_ID,RESPONSE) values (453,1,8.64);
    insert into eba_demo_chart_sample_data (ID,SAMPLE_ID,RESPONSE) values (454,2,11.66);
    insert into eba_demo_chart_sample_data (ID,SAMPLE_ID,RESPONSE) values (455,4,11.66);
    insert into eba_demo_chart_sample_data (ID,SAMPLE_ID,RESPONSE) values (456,5,7.41);
    insert into eba_demo_chart_sample_data (ID,SAMPLE_ID,RESPONSE) values (457,1,11.06);
    insert into eba_demo_chart_sample_data (ID,SAMPLE_ID,RESPONSE) values (458,2,18.01);
    insert into eba_demo_chart_sample_data (ID,SAMPLE_ID,RESPONSE) values (459,4,18.01);
    insert into eba_demo_chart_sample_data (ID,SAMPLE_ID,RESPONSE) values (460,5,21.19);
    insert into eba_demo_chart_sample_data (ID,SAMPLE_ID,RESPONSE) values (461,1,8.65);
    insert into eba_demo_chart_sample_data (ID,SAMPLE_ID,RESPONSE) values (462,2,13.39);
    insert into eba_demo_chart_sample_data (ID,SAMPLE_ID,RESPONSE) values (463,4,13.39);
    insert into eba_demo_chart_sample_data (ID,SAMPLE_ID,RESPONSE) values (464,5,9.69);
    insert into eba_demo_chart_sample_data (ID,SAMPLE_ID,RESPONSE) values (465,1,10.5);
    insert into eba_demo_chart_sample_data (ID,SAMPLE_ID,RESPONSE) values (466,2,14.9);
    insert into eba_demo_chart_sample_data (ID,SAMPLE_ID,RESPONSE) values (467,4,14.9);
    insert into eba_demo_chart_sample_data (ID,SAMPLE_ID,RESPONSE) values (468,5,6.79);
    insert into eba_demo_chart_sample_data (ID,SAMPLE_ID,RESPONSE) values (469,1,8.3);
    insert into eba_demo_chart_sample_data (ID,SAMPLE_ID,RESPONSE) values (470,2,20.97);
    insert into eba_demo_chart_sample_data (ID,SAMPLE_ID,RESPONSE) values (471,4,20.97);
    insert into eba_demo_chart_sample_data (ID,SAMPLE_ID,RESPONSE) values (472,5,15.16);
    insert into eba_demo_chart_sample_data (ID,SAMPLE_ID,RESPONSE) values (473,1,7.87);
    insert into eba_demo_chart_sample_data (ID,SAMPLE_ID,RESPONSE) values (474,2,11);
    insert into eba_demo_chart_sample_data (ID,SAMPLE_ID,RESPONSE) values (475,4,11);
    insert into eba_demo_chart_sample_data (ID,SAMPLE_ID,RESPONSE) values (476,5,3.19);
    insert into eba_demo_chart_sample_data (ID,SAMPLE_ID,RESPONSE) values (477,1,9.5);
    insert into eba_demo_chart_sample_data (ID,SAMPLE_ID,RESPONSE) values (478,2,3.85);
    insert into eba_demo_chart_sample_data (ID,SAMPLE_ID,RESPONSE) values (479,4,3.85);
    insert into eba_demo_chart_sample_data (ID,SAMPLE_ID,RESPONSE) values (480,5,15.05);
    insert into eba_demo_chart_sample_data (ID,SAMPLE_ID,RESPONSE) values (481,1,9.54);
    insert into eba_demo_chart_sample_data (ID,SAMPLE_ID,RESPONSE) values (482,2,4.18);
    insert into eba_demo_chart_sample_data (ID,SAMPLE_ID,RESPONSE) values (483,4,4.18);
    insert into eba_demo_chart_sample_data (ID,SAMPLE_ID,RESPONSE) values (484,5,13.83);
    insert into eba_demo_chart_sample_data (ID,SAMPLE_ID,RESPONSE) values (485,1,11.24);
    insert into eba_demo_chart_sample_data (ID,SAMPLE_ID,RESPONSE) values (486,2,15.34);
    insert into eba_demo_chart_sample_data (ID,SAMPLE_ID,RESPONSE) values (487,4,15.34);
    insert into eba_demo_chart_sample_data (ID,SAMPLE_ID,RESPONSE) values (488,5,7.2);
    insert into eba_demo_chart_sample_data (ID,SAMPLE_ID,RESPONSE) values (489,1,8.96);
    insert into eba_demo_chart_sample_data (ID,SAMPLE_ID,RESPONSE) values (490,2,12.6);
    insert into eba_demo_chart_sample_data (ID,SAMPLE_ID,RESPONSE) values (491,4,12.6);
    insert into eba_demo_chart_sample_data (ID,SAMPLE_ID,RESPONSE) values (492,5,7);
    insert into eba_demo_chart_sample_data (ID,SAMPLE_ID,RESPONSE) values (493,1,9.5);
    insert into eba_demo_chart_sample_data (ID,SAMPLE_ID,RESPONSE) values (494,2,18.48);
    insert into eba_demo_chart_sample_data (ID,SAMPLE_ID,RESPONSE) values (495,4,18.48);
    insert into eba_demo_chart_sample_data (ID,SAMPLE_ID,RESPONSE) values (496,5,8);
    insert into eba_demo_chart_sample_data (ID,SAMPLE_ID,RESPONSE) values (497,1,9.51);
    insert into eba_demo_chart_sample_data (ID,SAMPLE_ID,RESPONSE) values (498,2,17.22);
    insert into eba_demo_chart_sample_data (ID,SAMPLE_ID,RESPONSE) values (499,4,17.22);
    insert into eba_demo_chart_sample_data (ID,SAMPLE_ID,RESPONSE) values (500,5,9);
    insert into eba_demo_chart_sample_data (ID,SAMPLE_ID,RESPONSE) values (501,1,9.29);
    insert into eba_demo_chart_sample_data (ID,SAMPLE_ID,RESPONSE) values (502,2,15.53);
    insert into eba_demo_chart_sample_data (ID,SAMPLE_ID,RESPONSE) values (503,4,15.53);
    insert into eba_demo_chart_sample_data (ID,SAMPLE_ID,RESPONSE) values (504,1,9.63);
    insert into eba_demo_chart_sample_data (ID,SAMPLE_ID,RESPONSE) values (505,2,10.44);
    insert into eba_demo_chart_sample_data (ID,SAMPLE_ID,RESPONSE) values (506,4,10.44);
    insert into eba_demo_chart_sample_data (ID,SAMPLE_ID,RESPONSE) values (507,1,9.09);
    insert into eba_demo_chart_sample_data (ID,SAMPLE_ID,RESPONSE) values (508,2,10.31);
    insert into eba_demo_chart_sample_data (ID,SAMPLE_ID,RESPONSE) values (509,4,10.31);
    insert into eba_demo_chart_sample_data (ID,SAMPLE_ID,RESPONSE) values (510,1,10.36);
    insert into eba_demo_chart_sample_data (ID,SAMPLE_ID,RESPONSE) values (511,2,5.24);
    insert into eba_demo_chart_sample_data (ID,SAMPLE_ID,RESPONSE) values (512,4,5.24);
    insert into eba_demo_chart_sample_data (ID,SAMPLE_ID,RESPONSE) values (513,1,9.21);
    insert into eba_demo_chart_sample_data (ID,SAMPLE_ID,RESPONSE) values (514,2,18.02);
    insert into eba_demo_chart_sample_data (ID,SAMPLE_ID,RESPONSE) values (515,4,18.02);
    insert into eba_demo_chart_sample_data (ID,SAMPLE_ID,RESPONSE) values (516,1,10.46);
    insert into eba_demo_chart_sample_data (ID,SAMPLE_ID,RESPONSE) values (517,2,6.82);
    insert into eba_demo_chart_sample_data (ID,SAMPLE_ID,RESPONSE) values (518,4,6.82);
    insert into eba_demo_chart_sample_data (ID,SAMPLE_ID,RESPONSE) values (519,1,9.09);
    insert into eba_demo_chart_sample_data (ID,SAMPLE_ID,RESPONSE) values (520,2,9.07);
    insert into eba_demo_chart_sample_data (ID,SAMPLE_ID,RESPONSE) values (521,4,9.07);
    insert into eba_demo_chart_sample_data (ID,SAMPLE_ID,RESPONSE) values (522,1,9.68);
    insert into eba_demo_chart_sample_data (ID,SAMPLE_ID,RESPONSE) values (523,2,12.86);
    insert into eba_demo_chart_sample_data (ID,SAMPLE_ID,RESPONSE) values (524,4,12.86);
    insert into eba_demo_chart_sample_data (ID,SAMPLE_ID,RESPONSE) values (525,1,10.51);
    insert into eba_demo_chart_sample_data (ID,SAMPLE_ID,RESPONSE) values (526,2,10.73);
    insert into eba_demo_chart_sample_data (ID,SAMPLE_ID,RESPONSE) values (527,4,10.73);
    insert into eba_demo_chart_sample_data (ID,SAMPLE_ID,RESPONSE) values (528,1,10.78);
    insert into eba_demo_chart_sample_data (ID,SAMPLE_ID,RESPONSE) values (529,2,17.69);
    insert into eba_demo_chart_sample_data (ID,SAMPLE_ID,RESPONSE) values (530,4,17.69);
    insert into eba_demo_chart_sample_data (ID,SAMPLE_ID,RESPONSE) values (531,1,10.27);
    insert into eba_demo_chart_sample_data (ID,SAMPLE_ID,RESPONSE) values (532,2,12.12);
    insert into eba_demo_chart_sample_data (ID,SAMPLE_ID,RESPONSE) values (533,4,12.12);
    insert into eba_demo_chart_sample_data (ID,SAMPLE_ID,RESPONSE) values (534,1,10.61);
    insert into eba_demo_chart_sample_data (ID,SAMPLE_ID,RESPONSE) values (535,2,12.21);
    insert into eba_demo_chart_sample_data (ID,SAMPLE_ID,RESPONSE) values (536,4,12.21);
    insert into eba_demo_chart_sample_data (ID,SAMPLE_ID,RESPONSE) values (537,1,9.59);
    insert into eba_demo_chart_sample_data (ID,SAMPLE_ID,RESPONSE) values (538,2,5.66);
    insert into eba_demo_chart_sample_data (ID,SAMPLE_ID,RESPONSE) values (539,4,5.66);
    insert into eba_demo_chart_sample_data (ID,SAMPLE_ID,RESPONSE) values (540,1,9.61);
    insert into eba_demo_chart_sample_data (ID,SAMPLE_ID,RESPONSE) values (541,2,9.3);
    insert into eba_demo_chart_sample_data (ID,SAMPLE_ID,RESPONSE) values (542,4,9.3);
    insert into eba_demo_chart_sample_data (ID,SAMPLE_ID,RESPONSE) values (543,1,10.6);
    insert into eba_demo_chart_sample_data (ID,SAMPLE_ID,RESPONSE) values (544,2,13.49);
    insert into eba_demo_chart_sample_data (ID,SAMPLE_ID,RESPONSE) values (545,4,13.49);
    insert into eba_demo_chart_sample_data (ID,SAMPLE_ID,RESPONSE) values (546,1,10.2);
    insert into eba_demo_chart_sample_data (ID,SAMPLE_ID,RESPONSE) values (547,2,13.67);
    insert into eba_demo_chart_sample_data (ID,SAMPLE_ID,RESPONSE) values (548,4,13.67);
    insert into eba_demo_chart_sample_data (ID,SAMPLE_ID,RESPONSE) values (549,1,9.31);
    insert into eba_demo_chart_sample_data (ID,SAMPLE_ID,RESPONSE) values (550,2,9.06);
    insert into eba_demo_chart_sample_data (ID,SAMPLE_ID,RESPONSE) values (551,4,9.06);
    insert into eba_demo_chart_sample_data (ID,SAMPLE_ID,RESPONSE) values (552,1,8.47);
    insert into eba_demo_chart_sample_data (ID,SAMPLE_ID,RESPONSE) values (553,2,16.6);
    insert into eba_demo_chart_sample_data (ID,SAMPLE_ID,RESPONSE) values (554,4,16.6);
    insert into eba_demo_chart_sample_data (ID,SAMPLE_ID,RESPONSE) values (555,1,10.71);
    insert into eba_demo_chart_sample_data (ID,SAMPLE_ID,RESPONSE) values (556,2,14.83);
    insert into eba_demo_chart_sample_data (ID,SAMPLE_ID,RESPONSE) values (557,4,14.83);
    insert into eba_demo_chart_sample_data (ID,SAMPLE_ID,RESPONSE) values (558,1,7.98);
    insert into eba_demo_chart_sample_data (ID,SAMPLE_ID,RESPONSE) values (559,2,12.6);
    insert into eba_demo_chart_sample_data (ID,SAMPLE_ID,RESPONSE) values (560,4,12.6);
    insert into eba_demo_chart_sample_data (ID,SAMPLE_ID,RESPONSE) values (561,1,11.25);
    insert into eba_demo_chart_sample_data (ID,SAMPLE_ID,RESPONSE) values (562,2,15.25);
    insert into eba_demo_chart_sample_data (ID,SAMPLE_ID,RESPONSE) values (563,4,15.25);
    insert into eba_demo_chart_sample_data (ID,SAMPLE_ID,RESPONSE) values (564,1,8.19);
    insert into eba_demo_chart_sample_data (ID,SAMPLE_ID,RESPONSE) values (565,2,9.22);
    insert into eba_demo_chart_sample_data (ID,SAMPLE_ID,RESPONSE) values (566,4,9.22);
    insert into eba_demo_chart_sample_data (ID,SAMPLE_ID,RESPONSE) values (567,1,9.97);
    insert into eba_demo_chart_sample_data (ID,SAMPLE_ID,RESPONSE) values (568,2,12.11);
    insert into eba_demo_chart_sample_data (ID,SAMPLE_ID,RESPONSE) values (569,4,12.11);
    insert into eba_demo_chart_sample_data (ID,SAMPLE_ID,RESPONSE) values (570,1,9.86);
    insert into eba_demo_chart_sample_data (ID,SAMPLE_ID,RESPONSE) values (571,2,7.43);
    insert into eba_demo_chart_sample_data (ID,SAMPLE_ID,RESPONSE) values (572,4,7.43);
    insert into eba_demo_chart_sample_data (ID,SAMPLE_ID,RESPONSE) values (573,1,12.07);
    insert into eba_demo_chart_sample_data (ID,SAMPLE_ID,RESPONSE) values (574,2,12.19);
    insert into eba_demo_chart_sample_data (ID,SAMPLE_ID,RESPONSE) values (575,4,12.19);
    insert into eba_demo_chart_sample_data (ID,SAMPLE_ID,RESPONSE) values (576,1,11.09);
    insert into eba_demo_chart_sample_data (ID,SAMPLE_ID,RESPONSE) values (577,2,16.49);
    insert into eba_demo_chart_sample_data (ID,SAMPLE_ID,RESPONSE) values (578,4,16.49);
    insert into eba_demo_chart_sample_data (ID,SAMPLE_ID,RESPONSE) values (579,1,10.53);
    insert into eba_demo_chart_sample_data (ID,SAMPLE_ID,RESPONSE) values (580,2,9.41);
    insert into eba_demo_chart_sample_data (ID,SAMPLE_ID,RESPONSE) values (581,4,9.41);
    insert into eba_demo_chart_sample_data (ID,SAMPLE_ID,RESPONSE) values (582,1,9.74);
    insert into eba_demo_chart_sample_data (ID,SAMPLE_ID,RESPONSE) values (583,2,10.49);
    insert into eba_demo_chart_sample_data (ID,SAMPLE_ID,RESPONSE) values (584,4,10.49);
    insert into eba_demo_chart_sample_data (ID,SAMPLE_ID,RESPONSE) values (585,1,10.92);
    insert into eba_demo_chart_sample_data (ID,SAMPLE_ID,RESPONSE) values (586,2,18.6);
    insert into eba_demo_chart_sample_data (ID,SAMPLE_ID,RESPONSE) values (587,4,18.6);
    insert into eba_demo_chart_sample_data (ID,SAMPLE_ID,RESPONSE) values (588,1,8.65);
    insert into eba_demo_chart_sample_data (ID,SAMPLE_ID,RESPONSE) values (589,2,16.65);
    insert into eba_demo_chart_sample_data (ID,SAMPLE_ID,RESPONSE) values (590,4,16.65);
    insert into eba_demo_chart_sample_data (ID,SAMPLE_ID,RESPONSE) values (591,1,9.31);
    insert into eba_demo_chart_sample_data (ID,SAMPLE_ID,RESPONSE) values (592,2,11.17);
    insert into eba_demo_chart_sample_data (ID,SAMPLE_ID,RESPONSE) values (593,4,11.17);
    insert into eba_demo_chart_sample_data (ID,SAMPLE_ID,RESPONSE) values (594,1,11.2);
    insert into eba_demo_chart_sample_data (ID,SAMPLE_ID,RESPONSE) values (595,2,14.49);
    insert into eba_demo_chart_sample_data (ID,SAMPLE_ID,RESPONSE) values (596,4,14.49);
    insert into eba_demo_chart_sample_data (ID,SAMPLE_ID,RESPONSE) values (597,1,8.6);
    insert into eba_demo_chart_sample_data (ID,SAMPLE_ID,RESPONSE) values (598,2,16.34);
    insert into eba_demo_chart_sample_data (ID,SAMPLE_ID,RESPONSE) values (599,4,16.34);
    insert into eba_demo_chart_sample_data (ID,SAMPLE_ID,RESPONSE) values (600,1,12.55);
    insert into eba_demo_chart_sample_data (ID,SAMPLE_ID,RESPONSE) values (601,2,10.31);
    insert into eba_demo_chart_sample_data (ID,SAMPLE_ID,RESPONSE) values (602,4,10.31);
    insert into eba_demo_chart_sample_data (ID,SAMPLE_ID,RESPONSE) values (603,1,11.95);
    insert into eba_demo_chart_sample_data (ID,SAMPLE_ID,RESPONSE) values (604,2,11.37);
    insert into eba_demo_chart_sample_data (ID,SAMPLE_ID,RESPONSE) values (605,4,11.37);
    insert into eba_demo_chart_sample_data (ID,SAMPLE_ID,RESPONSE) values (606,1,10.9);
    insert into eba_demo_chart_sample_data (ID,SAMPLE_ID,RESPONSE) values (607,1,10.97);
    insert into eba_demo_chart_sample_data (ID,SAMPLE_ID,RESPONSE) values (608,1,9.26);
    insert into eba_demo_chart_sample_data (ID,SAMPLE_ID,RESPONSE) values (609,1,10.32);
    insert into eba_demo_chart_sample_data (ID,SAMPLE_ID,RESPONSE) values (610,1,8.74);
    insert into eba_demo_chart_sample_data (ID,SAMPLE_ID,RESPONSE) values (611,1,11.06);
    insert into eba_demo_chart_sample_data (ID,SAMPLE_ID,RESPONSE) values (612,1,8.99);
    insert into eba_demo_chart_sample_data (ID,SAMPLE_ID,RESPONSE) values (613,1,9.74);
    insert into eba_demo_chart_sample_data (ID,SAMPLE_ID,RESPONSE) values (614,1,9.59);
    insert into eba_demo_chart_sample_data (ID,SAMPLE_ID,RESPONSE) values (615,1,10.55);
    insert into eba_demo_chart_sample_data (ID,SAMPLE_ID,RESPONSE) values (616,1,10.95);
    insert into eba_demo_chart_sample_data (ID,SAMPLE_ID,RESPONSE) values (617,1,10.8);
    insert into eba_demo_chart_sample_data (ID,SAMPLE_ID,RESPONSE) values (618,1,9.69);
    insert into eba_demo_chart_sample_data (ID,SAMPLE_ID,RESPONSE) values (619,1,11.75);
    insert into eba_demo_chart_sample_data (ID,SAMPLE_ID,RESPONSE) values (620,1,10);
    insert into eba_demo_chart_sample_data (ID,SAMPLE_ID,RESPONSE) values (621,1,9.14);
    insert into eba_demo_chart_sample_data (ID,SAMPLE_ID,RESPONSE) values (622,1,10.06);
    insert into eba_demo_chart_sample_data (ID,SAMPLE_ID,RESPONSE) values (623,1,9.69);
    insert into eba_demo_chart_sample_data (ID,SAMPLE_ID,RESPONSE) values (624,1,10.11);
    insert into eba_demo_chart_sample_data (ID,SAMPLE_ID,RESPONSE) values (625,1,11.15);
    insert into eba_demo_chart_sample_data (ID,SAMPLE_ID,RESPONSE) values (626,1,10.73);
    insert into eba_demo_chart_sample_data (ID,SAMPLE_ID,RESPONSE) values (627,1,10.6);
    insert into eba_demo_chart_sample_data (ID,SAMPLE_ID,RESPONSE) values (628,1,10.33);
    insert into eba_demo_chart_sample_data (ID,SAMPLE_ID,RESPONSE) values (629,1,9.63);    

end;

/
--------------------------------------------------------
--  DDL for Procedure ESG_CALC_ATTRIBUTION
--------------------------------------------------------
set define off;

  CREATE OR REPLACE EDITIONABLE PROCEDURE "WKSP_ESGAPEX"."ESG_CALC_ATTRIBUTION" (
  p_index_code IN VARCHAR2,
  p_bench_code IN VARCHAR2,
  p_start_date IN DATE,
  p_end_date   IN DATE
) AS
BEGIN
  MERGE INTO ESG_ATTRIBUTION_DAILY t
  USING (
    SELECT i.d AS calc_date, i.index_code, b.code AS bench_code, i.sector,
           i.sector_weight AS weight_idx, i.sector_ret AS ret_idx,
           b.sector_weight_bench AS weight_bench, b.sector_ret_bench AS ret_bench,
           (i.sector_weight - b.sector_weight_bench) * b.sector_ret_bench AS alloc_effect,
           b.sector_weight_bench * (i.sector_ret - b.sector_ret_bench)    AS select_effect,
           (i.sector_weight - b.sector_weight_bench) * (i.sector_ret - b.sector_ret_bench) AS interaction,
           (SELECT ret FROM ESG_INDEX_DAILY_RET WHERE index_code=i.index_code AND d=i.d) -
           (SELECT ret FROM ESG_BENCH_DAILY_RET WHERE code=b.code AND d=b.d) AS active_return
    FROM ESG_INDEX_SECTOR_DAILY i
    JOIN ESG_BENCH_SECTOR_DAILY b ON b.d = i.d
    WHERE i.index_code = p_index_code AND b.code = p_bench_code
      AND i.d BETWEEN p_start_date AND p_end_date
  ) s
  ON (t.calc_date=s.calc_date AND t.index_code=s.index_code AND t.bench_code=s.bench_code AND NVL(t.sector,'~')=NVL(s.sector,'~'))
  WHEN MATCHED THEN UPDATE SET
    t.weight_idx=s.weight_idx, t.ret_idx=s.ret_idx, t.weight_bench=s.weight_bench, t.ret_bench=s.ret_bench,
    t.alloc_effect=s.alloc_effect, t.select_effect=s.select_effect, t.interaction=s.interaction, t.active_return=s.active_return
  WHEN NOT MATCHED THEN INSERT (calc_date,index_code,bench_code,sector,weight_idx,ret_idx,weight_bench,ret_bench,alloc_effect,select_effect,interaction,active_return)
  VALUES (s.calc_date,s.index_code,s.bench_code,s.sector,s.weight_idx,s.ret_idx,s.weight_bench,s.ret_bench,s.alloc_effect,s.select_effect,s.interaction,s.active_return);
END;

/
--------------------------------------------------------
--  DDL for Procedure ESG_CALC_ATTRIBUTION_1Y
--------------------------------------------------------
set define off;

  CREATE OR REPLACE EDITIONABLE PROCEDURE "WKSP_ESGAPEX"."ESG_CALC_ATTRIBUTION_1Y" (p_index_code IN VARCHAR2, p_bench_code IN VARCHAR2) AS
BEGIN ESG_CALC_ATTRIBUTION(p_index_code, p_bench_code, TRUNC(SYSDATE)-365, TRUNC(SYSDATE)); END;

/
--------------------------------------------------------
--  DDL for Procedure SC_CREATE_TABLE
--------------------------------------------------------
set define off;

  CREATE OR REPLACE EDITIONABLE PROCEDURE "WKSP_ESGAPEX"."SC_CREATE_TABLE" (p_sql CLOB) AS
BEGIN EXECUTE IMMEDIATE p_sql;
EXCEPTION WHEN OTHERS THEN IF SQLCODE != -955 THEN RAISE; END IF; END;

/
--------------------------------------------------------
--  DDL for Procedure SC_EXEC
--------------------------------------------------------
set define off;

  CREATE OR REPLACE EDITIONABLE PROCEDURE "WKSP_ESGAPEX"."SC_EXEC" (p_sql CLOB) AS
BEGIN EXECUTE IMMEDIATE p_sql; END;

/
--------------------------------------------------------
--  DDL for Package ESG_LLM
--------------------------------------------------------

  CREATE OR REPLACE EDITIONABLE PACKAGE "WKSP_ESGAPEX"."ESG_LLM" authid definer as
  function ask(p_question in varchar2) return clob;
end esg_llm;

/
--------------------------------------------------------
--  DDL for Package PKG_AIGES_SCORES
--------------------------------------------------------

  CREATE OR REPLACE EDITIONABLE PACKAGE "WKSP_ESGAPEX"."PKG_AIGES_SCORES" AS
  PROCEDURE refresh_pillar_scores(p_asof IN DATE);
END pkg_aiges_scores;

/
--------------------------------------------------------
--  DDL for Package PKG_API_TIERING
--------------------------------------------------------

  CREATE OR REPLACE EDITIONABLE PACKAGE "WKSP_ESGAPEX"."PKG_API_TIERING" AS
  FUNCTION get_tier(p_api_key IN VARCHAR2) RETURN VARCHAR2;
  PROCEDURE enforce_rate(p_api_key IN VARCHAR2, p_endpoint IN VARCHAR2);
  PROCEDURE issue_key(p_user_id IN VARCHAR2, p_tier IN VARCHAR2, o_api_key OUT VARCHAR2);
END pkg_api_tiering;

/
--------------------------------------------------------
--  DDL for Package PKG_NEWS_INGEST
--------------------------------------------------------

  CREATE OR REPLACE EDITIONABLE PACKAGE "WKSP_ESGAPEX"."PKG_NEWS_INGEST" AS
  PROCEDURE ingest_rss_batch;
  PROCEDURE dedupe_normalize;
  PROCEDURE link_to_tickers;
END pkg_news_ingest;

/
--------------------------------------------------------
--  DDL for Package PKG_NEWS_REPO
--------------------------------------------------------

  CREATE OR REPLACE EDITIONABLE PACKAGE "WKSP_ESGAPEX"."PKG_NEWS_REPO" AS
  PROCEDURE upsert_item(
    p_item_table IN VARCHAR2,              -- 'NEWS_ITEMS' or 'ESG_NEWS'
    p_id         IN NUMBER,                -- pass NULL to insert
    p_dt_pub     IN TIMESTAMP,
    p_ticker     IN VARCHAR2,
    p_title      IN VARCHAR2,
    p_url        IN VARCHAR2,
    p_source     IN VARCHAR2,
    p_summary    IN CLOB DEFAULT NULL,     -- for NEWS_ITEMS
    p_text       IN CLOB DEFAULT NULL      -- for ESG_NEWS
  );
  PROCEDURE add_category(p_name IN VARCHAR2);
  PROCEDURE add_tag(p_name IN VARCHAR2);
  PROCEDURE link_category(p_item_table IN VARCHAR2, p_item_id IN NUMBER, p_category_name IN VARCHAR2);
  PROCEDURE link_tag(p_item_table IN VARCHAR2, p_item_id IN NUMBER, p_tag_name IN VARCHAR2);
  PROCEDURE link_ticker(p_item_table IN VARCHAR2, p_item_id IN NUMBER, p_ticker IN VARCHAR2);
END PKG_NEWS_REPO;

/
--------------------------------------------------------
--  DDL for Package PKG_TECH100_INDEX
--------------------------------------------------------

  CREATE OR REPLACE EDITIONABLE PACKAGE "WKSP_ESGAPEX"."PKG_TECH100_INDEX" AS
  PROCEDURE calc_daily_levels(p_date IN DATE DEFAULT TRUNC(SYSDATE));
  PROCEDURE rebalance_quarterly(p_asof IN DATE);
  PROCEDURE reconstitute_universe(p_asof IN DATE);
END pkg_tech100_index;

/
--------------------------------------------------------
--  DDL for Package SC_HTTP_PROXY
--------------------------------------------------------

  CREATE OR REPLACE EDITIONABLE PACKAGE "WKSP_ESGAPEX"."SC_HTTP_PROXY" authid definer as
  function get(p_url varchar2) return clob;
  function tcp_probe(p_host varchar2, p_port number) return clob; -- add to spec
end sc_http_proxy;

/

  GRANT EXECUTE ON "WKSP_ESGAPEX"."SC_HTTP_PROXY" TO "ORDS_PLSQL_GATEWAY";
  GRANT EXECUTE ON "WKSP_ESGAPEX"."SC_HTTP_PROXY" TO "ESG_APEX";
--------------------------------------------------------
--  DDL for Package Body ESG_LLM
--------------------------------------------------------

  CREATE OR REPLACE EDITIONABLE PACKAGE BODY "WKSP_ESGAPEX"."ESG_LLM" as
  function ask(p_question in varchar2) return clob is
    l_id   number := apex_util.find_remote_server_id(p_name => 'LLM_API');
    l_resp clob;
  begin
    apex_web_service.g_request_headers.delete;
    apex_web_service.g_request_headers(1).name  := 'Content-Type';
    apex_web_service.g_request_headers(1).value := 'application/json';

    l_resp := apex_web_service.make_rest_request(
      p_remote_server_id => l_id,
      p_url              => 'ask',
      p_http_method      => 'POST',
      p_body             => '{"question":' || apex_json.stringify(p_question) || ',"top_k":3}',
      p_transfer_timeout => 30
    );
    return l_resp;
  exception when others then
    return '{"error":' || apex_json.stringify(sqlerrm) || '}';
  end;
end esg_llm;

/
--------------------------------------------------------
--  DDL for Package Body PKG_AIGES_SCORES
--------------------------------------------------------

  CREATE OR REPLACE EDITIONABLE PACKAGE BODY "WKSP_ESGAPEX"."PKG_AIGES_SCORES" AS
  PROCEDURE refresh_pillar_scores(p_asof IN DATE) IS
  BEGIN
    -- Stub: Scores should be produced by NLP pipeline then merged. Here we simply carry forward.
    INSERT INTO aiges_scores(asof, ticker, pillar_transparency, pillar_ethics, pillar_governance, pillar_regalign, pillar_stakeholder, composite)
    SELECT p_asof, ticker, pillar_transparency, pillar_ethics, pillar_governance, pillar_regalign, pillar_stakeholder, composite
    FROM aiges_scores WHERE asof = (SELECT MAX(asof) FROM aiges_scores);
    COMMIT;
  END;
END pkg_aiges_scores;

/
--------------------------------------------------------
--  DDL for Package Body PKG_API_TIERING
--------------------------------------------------------

  CREATE OR REPLACE EDITIONABLE PACKAGE BODY "WKSP_ESGAPEX"."PKG_API_TIERING" AS
  FUNCTION get_tier(p_api_key IN VARCHAR2) RETURN VARCHAR2 IS
    v_tier api_keys.tier%TYPE;
  BEGIN
    SELECT tier INTO v_tier FROM api_keys WHERE api_key = p_api_key AND status='active';
    RETURN v_tier;
  EXCEPTION WHEN NO_DATA_FOUND THEN
    RETURN 'free';
  END;
  PROCEDURE enforce_rate(p_api_key IN VARCHAR2, p_endpoint IN VARCHAR2) IS
  BEGIN
    INSERT INTO rate_limit_log(api_key, endpoint, ok) VALUES (p_api_key, p_endpoint, 'Y');
    -- TODO: add true rate-limit logic
  END;
  PROCEDURE issue_key(p_user_id IN VARCHAR2, p_tier IN VARCHAR2, o_api_key OUT VARCHAR2) IS
  BEGIN
    o_api_key := LOWER(REPLACE(SYS_GUID(),'-'));
    INSERT INTO api_keys(api_key, user_id, tier) VALUES (o_api_key, p_user_id, p_tier);
  END;
END pkg_api_tiering;

/
--------------------------------------------------------
--  DDL for Package Body PKG_NEWS_INGEST
--------------------------------------------------------

  CREATE OR REPLACE EDITIONABLE PACKAGE BODY "WKSP_ESGAPEX"."PKG_NEWS_INGEST" AS
  PROCEDURE ingest_rss_batch IS BEGIN NULL; END;
  PROCEDURE dedupe_normalize IS BEGIN NULL; END;
  PROCEDURE link_to_tickers IS BEGIN NULL; END;
END pkg_news_ingest;

/
--------------------------------------------------------
--  DDL for Package Body PKG_NEWS_REPO
--------------------------------------------------------

  CREATE OR REPLACE EDITIONABLE PACKAGE BODY "WKSP_ESGAPEX"."PKG_NEWS_REPO" AS
  PROCEDURE upsert_item(
    p_item_table IN VARCHAR2,
    p_id         IN NUMBER,
    p_dt_pub     IN TIMESTAMP,
    p_ticker     IN VARCHAR2,
    p_title      IN VARCHAR2,
    p_url        IN VARCHAR2,
    p_source     IN VARCHAR2,
    p_summary    IN CLOB,
    p_text       IN CLOB
  ) IS
  BEGIN
    IF p_item_table = 'NEWS_ITEMS' THEN
      MERGE INTO NEWS_ITEMS t
      USING (SELECT p_id id FROM dual) s
      ON (t.id = s.id)
      WHEN MATCHED THEN UPDATE SET
        dt_pub  = p_dt_pub,
        ticker  = p_ticker,
        title   = p_title,
        url     = p_url,
        source  = p_source,
        summary = p_summary
      WHEN NOT MATCHED THEN
        INSERT (dt_pub, ticker, title, url, source, summary)
        VALUES (p_dt_pub, p_ticker, p_title, p_url, p_source, p_summary);
    ELSIF p_item_table = 'ESG_NEWS' THEN
      MERGE INTO ESG_NEWS t
      USING (SELECT p_id id FROM dual) s
      ON (t.id = s.id)
      WHEN MATCHED THEN UPDATE SET
        date_published = CAST(p_dt_pub AS DATE),
        title = p_title, url = p_url, source = p_source, text = p_text
      WHEN NOT MATCHED THEN
        INSERT (company, title, url, source, date_published, text)
        VALUES (p_ticker, p_title, p_url, p_source, CAST(p_dt_pub AS DATE), p_text);
    ELSE
      RAISE_APPLICATION_ERROR(-20001, 'Invalid p_item_table');
    END IF;
  END;

  PROCEDURE add_category(p_name IN VARCHAR2) IS
  BEGIN
    INSERT /*+ ignore_row_on_dupkey_index(NEWS_CATEGORIES(NAME)) */
      INTO NEWS_CATEGORIES(name) VALUES (TRIM(p_name));
  EXCEPTION WHEN DUP_VAL_ON_INDEX THEN NULL;
  END;

  PROCEDURE add_tag(p_name IN VARCHAR2) IS
  BEGIN
    INSERT /*+ ignore_row_on_dupkey_index(NEWS_TAGS(NAME)) */
      INTO NEWS_TAGS(name) VALUES (TRIM(p_name));
  EXCEPTION WHEN DUP_VAL_ON_INDEX THEN NULL;
  END;

  PROCEDURE link_category(p_item_table IN VARCHAR2, p_item_id IN NUMBER, p_category_name IN VARCHAR2) IS
    v_cat_id NUMBER;
  BEGIN
    SELECT category_id INTO v_cat_id FROM NEWS_CATEGORIES WHERE name = TRIM(p_category_name);
    INSERT INTO NEWS_ITEM_CATEGORIES(item_table, item_id, category_id)
    VALUES (p_item_table, p_item_id, v_cat_id);
  EXCEPTION
    WHEN NO_DATA_FOUND THEN
      add_category(p_category_name);
      link_category(p_item_table, p_item_id, p_category_name);
    WHEN DUP_VAL_ON_INDEX THEN NULL;
  END;

  PROCEDURE link_tag(p_item_table IN VARCHAR2, p_item_id IN NUMBER, p_tag_name IN VARCHAR2) IS
    v_tag_id NUMBER;
  BEGIN
    SELECT tag_id INTO v_tag_id FROM NEWS_TAGS WHERE name = TRIM(p_tag_name);
    INSERT INTO NEWS_ITEM_TAGS(item_table, item_id, tag_id)
    VALUES (p_item_table, p_item_id, v_tag_id);
  EXCEPTION
    WHEN NO_DATA_FOUND THEN
      add_tag(p_tag_name);
      link_tag(p_item_table, p_item_id, p_tag_name);
    WHEN DUP_VAL_ON_INDEX THEN NULL;
  END;

  PROCEDURE link_ticker(p_item_table IN VARCHAR2, p_item_id IN NUMBER, p_ticker IN VARCHAR2) IS
  BEGIN
    INSERT INTO NEWS_ITEM_TICKERS(item_table, item_id, ticker)
    VALUES (p_item_table, p_item_id, UPPER(TRIM(p_ticker)));
  EXCEPTION WHEN DUP_VAL_ON_INDEX THEN NULL;
  END;
END PKG_NEWS_REPO;

/
--------------------------------------------------------
--  DDL for Package Body PKG_TECH100_INDEX
--------------------------------------------------------

  CREATE OR REPLACE EDITIONABLE PACKAGE BODY "WKSP_ESGAPEX"."PKG_TECH100_INDEX" AS
  PROCEDURE calc_daily_levels(p_date IN DATE DEFAULT TRUNC(SYSDATE)) IS
    v_prev_val  index_levels.index_level_pr%TYPE;
    v_divisor   index_levels.divisor%TYPE;
  BEGIN
    SELECT index_level_pr, divisor
      INTO v_prev_val, v_divisor
      FROM index_levels
     WHERE dt = (SELECT MAX(dt) FROM index_levels)
       FOR UPDATE;

    -- Naive demo calc: sum equal-weight returns from attribution if available; else carry forward
    DECLARE
      v_ret NUMBER := NULL;
    BEGIN
      SELECT NVL(SUM(contrib_bps)/10000, 0) INTO v_ret
      FROM attribution WHERE dt = p_date;
      IF v_ret IS NULL THEN v_ret := 0; END IF;
      INSERT INTO index_levels(dt, index_level_pr, divisor, calc_version)
      VALUES (p_date, v_prev_val * (1 + v_ret), v_divisor, 'v1');
    END;
    COMMIT;
  EXCEPTION
    WHEN NO_DATA_FOUND THEN
      -- Seed base per methodology: 2025-01-02 = 1000
      INSERT INTO index_levels(dt, index_level_pr, divisor, calc_version)
      VALUES (DATE '2025-01-02', 1000, 1, 'v1');
      COMMIT;
  END;

  PROCEDURE rebalance_quarterly(p_asof IN DATE) IS
  BEGIN
    -- Placeholder: caller should load members; we enforce equal weights on current set
    MERGE INTO index_constituents t
    USING (
      SELECT ticker, name, sector, free_float_mcap, adv3m
      FROM index_constituents
      WHERE asof = (SELECT MAX(asof) FROM index_constituents)
    ) s
    ON (t.asof = p_asof AND t.ticker = s.ticker)
    WHEN MATCHED THEN UPDATE SET t.weight = 0.04
    WHEN NOT MATCHED THEN
      INSERT (asof, ticker, name, weight, sector, free_float_mcap, adv3m)
      VALUES (p_asof, s.ticker, s.name, 0.04, s.sector, s.free_float_mcap, s.adv3m);
    COMMIT;
  END;

  PROCEDURE reconstitute_universe(p_asof IN DATE) IS
  BEGIN
    -- Stub: Ingest external universe prior to calling. No-op for now.
    NULL;
  END;
END pkg_tech100_index;

/
--------------------------------------------------------
--  DDL for Package Body SC_HTTP_PROXY
--------------------------------------------------------

  CREATE OR REPLACE EDITIONABLE PACKAGE BODY "WKSP_ESGAPEX"."SC_HTTP_PROXY" as
  function err_json(p_where varchar2) return clob is
  begin
    return
      '{"type":"error","where":' || apex_escape.json(p_where) ||
      ',"stack":'      || apex_escape.json(dbms_utility.format_error_stack) ||
      ',"backtrace":'  || apex_escape.json(dbms_utility.format_error_backtrace) ||
      ',"callstack":'  || apex_escape.json(dbms_utility.format_call_stack) || '}';
  end;

  function get(p_url varchar2) return clob is
    req  utl_http.req;
    res  utl_http.resp;
    buf  varchar2(32767);
    outc clob;
  begin
    utl_http.set_transfer_timeout(30);
    req := utl_http.begin_request(p_url, 'GET', 'HTTP/1.1');
    utl_http.set_header(req, 'Accept', 'application/json');
    res := utl_http.get_response(req);

    loop
      begin
        utl_http.read_text(res, buf, 32767);
        outc := outc || buf;
      exception when utl_http.end_of_body then exit; end;
    end loop;

    utl_http.end_response(res);
    return outc;
  exception
    when others then
      return err_json('utl_http');
  end;

  function tcp_probe(p_host varchar2, p_port number) return clob is
    c utl_tcp.connection;
  begin
    c := utl_tcp.open_connection(remote_host => p_host, remote_port => p_port, tx_timeout => 5);
    utl_tcp.close_connection(c);
    return '{"ok":true}';
  exception
    when others then
      return err_json('utl_tcp');
  end;
end sc_http_proxy;

/

  GRANT EXECUTE ON "WKSP_ESGAPEX"."SC_HTTP_PROXY" TO "ORDS_PLSQL_GATEWAY";
  GRANT EXECUTE ON "WKSP_ESGAPEX"."SC_HTTP_PROXY" TO "ESG_APEX";
--------------------------------------------------------
--  DDL for Function ESG_LLM_ASK
--------------------------------------------------------

  CREATE OR REPLACE EDITIONABLE FUNCTION "WKSP_ESGAPEX"."ESG_LLM_ASK" (p_question IN VARCHAR2)
  RETURN CLOB
  AUTHID DEFINER
IS
  l_url     CONSTANT VARCHAR2(4000) := 'http://143.47.244.255:8080/ask';
  l_payload CLOB := '{"question":"' || REPLACE(p_question,'"','\"') || '","top_k":3}';
  l_resp    CLOB;
BEGIN
  l_resp := apex_web_service.make_rest_request(
              p_url              => l_url,
              p_http_method      => 'POST',
              p_body             => l_payload,
              p_transfer_timeout => 30);
  RETURN l_resp;
EXCEPTION
  WHEN OTHERS THEN
    RETURN '{"error":"' || REPLACE(SQLERRM,'"','\"') || '"}';
END;

/
--------------------------------------------------------
--  Constraints for Table DR$X_NEWS_ITEMS_SUMMARY_FT$U
--------------------------------------------------------

  ALTER TABLE "WKSP_ESGAPEX"."DR$X_NEWS_ITEMS_SUMMARY_FT$U" ADD PRIMARY KEY ("RID")
  USING INDEX PCTFREE 10 INITRANS 2 MAXTRANS 255 
  TABLESPACE "DATA"  ENABLE;
--------------------------------------------------------
--  Constraints for Table EBA_DEMO_CHART_DEPT
--------------------------------------------------------

  ALTER TABLE "WKSP_ESGAPEX"."EBA_DEMO_CHART_DEPT" MODIFY ("DEPTNO" NOT NULL ENABLE);
  ALTER TABLE "WKSP_ESGAPEX"."EBA_DEMO_CHART_DEPT" ADD CONSTRAINT "EBA_DEMO_CHART_DEPT_PK" PRIMARY KEY ("DEPTNO")
  USING INDEX PCTFREE 10 INITRANS 20 MAXTRANS 255 COMPUTE STATISTICS 
  STORAGE(INITIAL 65536 NEXT 1048576 MINEXTENTS 1 MAXEXTENTS 2147483645
  PCTINCREASE 0 FREELISTS 1 FREELIST GROUPS 1
  BUFFER_POOL DEFAULT FLASH_CACHE DEFAULT CELL_FLASH_CACHE DEFAULT)
  TABLESPACE "DATA"  ENABLE;
--------------------------------------------------------
--  Constraints for Table EMEA_GREEN_BOND_ISS_PERC
--------------------------------------------------------

  ALTER TABLE "WKSP_ESGAPEX"."EMEA_GREEN_BOND_ISS_PERC" MODIFY ("ID" NOT NULL ENABLE);
  ALTER TABLE "WKSP_ESGAPEX"."EMEA_GREEN_BOND_ISS_PERC" ADD PRIMARY KEY ("ID")
  USING INDEX PCTFREE 10 INITRANS 20 MAXTRANS 255 COMPUTE STATISTICS 
  STORAGE(INITIAL 65536 NEXT 1048576 MINEXTENTS 1 MAXEXTENTS 2147483645
  PCTINCREASE 0 FREELISTS 1 FREELIST GROUPS 1
  BUFFER_POOL DEFAULT FLASH_CACHE DEFAULT CELL_FLASH_CACHE DEFAULT)
  TABLESPACE "DATA"  ENABLE;
--------------------------------------------------------
--  Constraints for Table EBA_DEMO_CHART_POPULATION
--------------------------------------------------------

  ALTER TABLE "WKSP_ESGAPEX"."EBA_DEMO_CHART_POPULATION" MODIFY ("ID" NOT NULL ENABLE);
  ALTER TABLE "WKSP_ESGAPEX"."EBA_DEMO_CHART_POPULATION" ADD CONSTRAINT "EBA_DEMO_CHART_POP_PK" PRIMARY KEY ("ID")
  USING INDEX PCTFREE 10 INITRANS 20 MAXTRANS 255 COMPUTE STATISTICS 
  STORAGE(INITIAL 65536 NEXT 1048576 MINEXTENTS 1 MAXEXTENTS 2147483645
  PCTINCREASE 0 FREELISTS 1 FREELIST GROUPS 1
  BUFFER_POOL DEFAULT FLASH_CACHE DEFAULT CELL_FLASH_CACHE DEFAULT)
  TABLESPACE "DATA"  ENABLE;
--------------------------------------------------------
--  Constraints for Table EBA_DEMO_CHART_ORDERS
--------------------------------------------------------

  ALTER TABLE "WKSP_ESGAPEX"."EBA_DEMO_CHART_ORDERS" MODIFY ("ORDER_ID" NOT NULL ENABLE);
  ALTER TABLE "WKSP_ESGAPEX"."EBA_DEMO_CHART_ORDERS" ADD CONSTRAINT "EBA_DEMO_CHART_ORDER_PK" PRIMARY KEY ("ORDER_ID")
  USING INDEX PCTFREE 10 INITRANS 20 MAXTRANS 255 COMPUTE STATISTICS 
  STORAGE(INITIAL 65536 NEXT 1048576 MINEXTENTS 1 MAXEXTENTS 2147483645
  PCTINCREASE 0 FREELISTS 1 FREELIST GROUPS 1
  BUFFER_POOL DEFAULT FLASH_CACHE DEFAULT CELL_FLASH_CACHE DEFAULT)
  TABLESPACE "DATA"  ENABLE;
--------------------------------------------------------
--  Constraints for Table INDEX_DAILY_RETURNS
--------------------------------------------------------

  ALTER TABLE "WKSP_ESGAPEX"."INDEX_DAILY_RETURNS" ADD CONSTRAINT "IDX_RETURNS_PK" PRIMARY KEY ("INDEX_DATE", "TICKER")
  USING INDEX PCTFREE 10 INITRANS 20 MAXTRANS 255 
  TABLESPACE "DATA"  ENABLE;
--------------------------------------------------------
--  Constraints for Table NEWS_TAGS
--------------------------------------------------------

  ALTER TABLE "WKSP_ESGAPEX"."NEWS_TAGS" MODIFY ("TAG_ID" NOT NULL ENABLE);
  ALTER TABLE "WKSP_ESGAPEX"."NEWS_TAGS" MODIFY ("NAME" NOT NULL ENABLE);
  ALTER TABLE "WKSP_ESGAPEX"."NEWS_TAGS" ADD PRIMARY KEY ("TAG_ID")
  USING INDEX PCTFREE 10 INITRANS 20 MAXTRANS 255 COMPUTE STATISTICS 
  STORAGE(INITIAL 65536 NEXT 1048576 MINEXTENTS 1 MAXEXTENTS 2147483645
  PCTINCREASE 0 FREELISTS 1 FREELIST GROUPS 1
  BUFFER_POOL DEFAULT FLASH_CACHE DEFAULT CELL_FLASH_CACHE DEFAULT)
  TABLESPACE "DATA"  ENABLE;
  ALTER TABLE "WKSP_ESGAPEX"."NEWS_TAGS" ADD UNIQUE ("NAME")
  USING INDEX PCTFREE 10 INITRANS 20 MAXTRANS 255 COMPUTE STATISTICS 
  STORAGE(INITIAL 65536 NEXT 1048576 MINEXTENTS 1 MAXEXTENTS 2147483645
  PCTINCREASE 0 FREELISTS 1 FREELIST GROUPS 1
  BUFFER_POOL DEFAULT FLASH_CACHE DEFAULT CELL_FLASH_CACHE DEFAULT)
  TABLESPACE "DATA"  ENABLE;
--------------------------------------------------------
--  Constraints for Table DR$X_ESG_NEWS_TEXT_FT$I
--------------------------------------------------------

  ALTER TABLE "WKSP_ESGAPEX"."DR$X_ESG_NEWS_TEXT_FT$I" MODIFY ("TOKEN_TEXT" NOT NULL ENABLE);
  ALTER TABLE "WKSP_ESGAPEX"."DR$X_ESG_NEWS_TEXT_FT$I" MODIFY ("TOKEN_TYPE" NOT NULL ENABLE);
  ALTER TABLE "WKSP_ESGAPEX"."DR$X_ESG_NEWS_TEXT_FT$I" MODIFY ("TOKEN_FIRST" NOT NULL ENABLE);
  ALTER TABLE "WKSP_ESGAPEX"."DR$X_ESG_NEWS_TEXT_FT$I" MODIFY ("TOKEN_LAST" NOT NULL ENABLE);
  ALTER TABLE "WKSP_ESGAPEX"."DR$X_ESG_NEWS_TEXT_FT$I" MODIFY ("TOKEN_COUNT" NOT NULL ENABLE);
--------------------------------------------------------
--  Constraints for Table AIGES_SCORES
--------------------------------------------------------

  ALTER TABLE "WKSP_ESGAPEX"."AIGES_SCORES" MODIFY ("ASOF" NOT NULL ENABLE);
  ALTER TABLE "WKSP_ESGAPEX"."AIGES_SCORES" MODIFY ("TICKER" NOT NULL ENABLE);
  ALTER TABLE "WKSP_ESGAPEX"."AIGES_SCORES" ADD CONSTRAINT "PK_AIGES_SCORES" PRIMARY KEY ("ASOF", "TICKER")
  USING INDEX PCTFREE 10 INITRANS 20 MAXTRANS 255 COMPUTE STATISTICS 
  STORAGE(INITIAL 65536 NEXT 1048576 MINEXTENTS 1 MAXEXTENTS 2147483645
  PCTINCREASE 0 FREELISTS 1 FREELIST GROUPS 1
  BUFFER_POOL DEFAULT FLASH_CACHE DEFAULT CELL_FLASH_CACHE DEFAULT)
  TABLESPACE "DATA"  ENABLE;
--------------------------------------------------------
--  Constraints for Table NEWS_ITEM_CATEGORIES
--------------------------------------------------------

  ALTER TABLE "WKSP_ESGAPEX"."NEWS_ITEM_CATEGORIES" MODIFY ("ITEM_TABLE" NOT NULL ENABLE);
  ALTER TABLE "WKSP_ESGAPEX"."NEWS_ITEM_CATEGORIES" MODIFY ("ITEM_ID" NOT NULL ENABLE);
  ALTER TABLE "WKSP_ESGAPEX"."NEWS_ITEM_CATEGORIES" MODIFY ("CATEGORY_ID" NOT NULL ENABLE);
  ALTER TABLE "WKSP_ESGAPEX"."NEWS_ITEM_CATEGORIES" ADD CHECK (ITEM_TABLE IN ('NEWS_ITEMS','ESG_NEWS')) ENABLE;
  ALTER TABLE "WKSP_ESGAPEX"."NEWS_ITEM_CATEGORIES" ADD CONSTRAINT "PK_NEWS_ITEM_CATEGORIES" PRIMARY KEY ("ITEM_TABLE", "ITEM_ID", "CATEGORY_ID")
  USING INDEX PCTFREE 10 INITRANS 20 MAXTRANS 255 COMPUTE STATISTICS 
  STORAGE(INITIAL 65536 NEXT 1048576 MINEXTENTS 1 MAXEXTENTS 2147483645
  PCTINCREASE 0 FREELISTS 1 FREELIST GROUPS 1
  BUFFER_POOL DEFAULT FLASH_CACHE DEFAULT CELL_FLASH_CACHE DEFAULT)
  TABLESPACE "DATA"  ENABLE;
--------------------------------------------------------
--  Constraints for Table CANDIDATE_USERS
--------------------------------------------------------

  ALTER TABLE "WKSP_ESGAPEX"."CANDIDATE_USERS" MODIFY ("ID" NOT NULL ENABLE);
  ALTER TABLE "WKSP_ESGAPEX"."CANDIDATE_USERS" MODIFY ("EMAIL" NOT NULL ENABLE);
  ALTER TABLE "WKSP_ESGAPEX"."CANDIDATE_USERS" ADD PRIMARY KEY ("ID")
  USING INDEX PCTFREE 10 INITRANS 20 MAXTRANS 255 COMPUTE STATISTICS 
  STORAGE(INITIAL 65536 NEXT 1048576 MINEXTENTS 1 MAXEXTENTS 2147483645
  PCTINCREASE 0 FREELISTS 1 FREELIST GROUPS 1
  BUFFER_POOL DEFAULT FLASH_CACHE DEFAULT CELL_FLASH_CACHE DEFAULT)
  TABLESPACE "DATA"  ENABLE;
  ALTER TABLE "WKSP_ESGAPEX"."CANDIDATE_USERS" ADD UNIQUE ("EMAIL")
  USING INDEX PCTFREE 10 INITRANS 20 MAXTRANS 255 COMPUTE STATISTICS 
  STORAGE(INITIAL 65536 NEXT 1048576 MINEXTENTS 1 MAXEXTENTS 2147483645
  PCTINCREASE 0 FREELISTS 1 FREELIST GROUPS 1
  BUFFER_POOL DEFAULT FLASH_CACHE DEFAULT CELL_FLASH_CACHE DEFAULT)
  TABLESPACE "DATA"  ENABLE;
--------------------------------------------------------
--  Constraints for Table NEWS_ITEM_TAGS
--------------------------------------------------------

  ALTER TABLE "WKSP_ESGAPEX"."NEWS_ITEM_TAGS" MODIFY ("ITEM_TABLE" NOT NULL ENABLE);
  ALTER TABLE "WKSP_ESGAPEX"."NEWS_ITEM_TAGS" MODIFY ("ITEM_ID" NOT NULL ENABLE);
  ALTER TABLE "WKSP_ESGAPEX"."NEWS_ITEM_TAGS" MODIFY ("TAG_ID" NOT NULL ENABLE);
  ALTER TABLE "WKSP_ESGAPEX"."NEWS_ITEM_TAGS" ADD CHECK (ITEM_TABLE IN ('NEWS_ITEMS','ESG_NEWS')) ENABLE;
  ALTER TABLE "WKSP_ESGAPEX"."NEWS_ITEM_TAGS" ADD CONSTRAINT "PK_NEWS_ITEM_TAGS" PRIMARY KEY ("ITEM_TABLE", "ITEM_ID", "TAG_ID")
  USING INDEX PCTFREE 10 INITRANS 20 MAXTRANS 255 COMPUTE STATISTICS 
  STORAGE(INITIAL 65536 NEXT 1048576 MINEXTENTS 1 MAXEXTENTS 2147483645
  PCTINCREASE 0 FREELISTS 1 FREELIST GROUPS 1
  BUFFER_POOL DEFAULT FLASH_CACHE DEFAULT CELL_FLASH_CACHE DEFAULT)
  TABLESPACE "DATA"  ENABLE;
--------------------------------------------------------
--  Constraints for Table DR$X_NEWS_ITEMS_FT$N
--------------------------------------------------------

  ALTER TABLE "WKSP_ESGAPEX"."DR$X_NEWS_ITEMS_FT$N" MODIFY ("NLT_MARK" NOT NULL ENABLE);
  ALTER TABLE "WKSP_ESGAPEX"."DR$X_NEWS_ITEMS_FT$N" ADD PRIMARY KEY ("NLT_DOCID")
  USING INDEX PCTFREE 10 INITRANS 2 MAXTRANS 255 
  STORAGE(
  BUFFER_POOL DEFAULT FLASH_CACHE DEFAULT CELL_FLASH_CACHE DEFAULT)
  TABLESPACE "DATA"  ENABLE;
--------------------------------------------------------
--  Constraints for Table EBA_DEMO_CHART_PROJECTS
--------------------------------------------------------

  ALTER TABLE "WKSP_ESGAPEX"."EBA_DEMO_CHART_PROJECTS" MODIFY ("ID" NOT NULL ENABLE);
  ALTER TABLE "WKSP_ESGAPEX"."EBA_DEMO_CHART_PROJECTS" MODIFY ("PROJECT" NOT NULL ENABLE);
  ALTER TABLE "WKSP_ESGAPEX"."EBA_DEMO_CHART_PROJECTS" ADD CONSTRAINT "EBA_DEMO_CHARTS_PROJ_PK" PRIMARY KEY ("ID")
  USING INDEX PCTFREE 10 INITRANS 20 MAXTRANS 255 COMPUTE STATISTICS 
  STORAGE(INITIAL 65536 NEXT 1048576 MINEXTENTS 1 MAXEXTENTS 2147483645
  PCTINCREASE 0 FREELISTS 1 FREELIST GROUPS 1
  BUFFER_POOL DEFAULT FLASH_CACHE DEFAULT CELL_FLASH_CACHE DEFAULT)
  TABLESPACE "DATA"  ENABLE;
--------------------------------------------------------
--  Constraints for Table EBA_DEMO_CHART_TASKS
--------------------------------------------------------

  ALTER TABLE "WKSP_ESGAPEX"."EBA_DEMO_CHART_TASKS" MODIFY ("ID" NOT NULL ENABLE);
  ALTER TABLE "WKSP_ESGAPEX"."EBA_DEMO_CHART_TASKS" ADD CONSTRAINT "EBA_DEMO_CHART_TASKS_PK" PRIMARY KEY ("ID")
  USING INDEX PCTFREE 10 INITRANS 20 MAXTRANS 255 COMPUTE STATISTICS 
  STORAGE(INITIAL 65536 NEXT 1048576 MINEXTENTS 1 MAXEXTENTS 2147483645
  PCTINCREASE 0 FREELISTS 1 FREELIST GROUPS 1
  BUFFER_POOL DEFAULT FLASH_CACHE DEFAULT CELL_FLASH_CACHE DEFAULT)
  TABLESPACE "DATA"  ENABLE;
--------------------------------------------------------
--  Constraints for Table NEWS_SOURCES
--------------------------------------------------------

  ALTER TABLE "WKSP_ESGAPEX"."NEWS_SOURCES" MODIFY ("SOURCE_ID" NOT NULL ENABLE);
  ALTER TABLE "WKSP_ESGAPEX"."NEWS_SOURCES" MODIFY ("NAME" NOT NULL ENABLE);
  ALTER TABLE "WKSP_ESGAPEX"."NEWS_SOURCES" ADD CHECK (SRC_TYPE IN ('rss','regulator','press','media','exchange','other')) ENABLE;
  ALTER TABLE "WKSP_ESGAPEX"."NEWS_SOURCES" ADD CHECK (ACTIVE_YN IN ('Y','N')) ENABLE;
  ALTER TABLE "WKSP_ESGAPEX"."NEWS_SOURCES" ADD PRIMARY KEY ("SOURCE_ID")
  USING INDEX PCTFREE 10 INITRANS 20 MAXTRANS 255 
  TABLESPACE "DATA"  ENABLE;
  ALTER TABLE "WKSP_ESGAPEX"."NEWS_SOURCES" ADD UNIQUE ("NAME")
  USING INDEX PCTFREE 10 INITRANS 20 MAXTRANS 255 
  TABLESPACE "DATA"  ENABLE;
--------------------------------------------------------
--  Constraints for Table COMPANY_ESG_INPUTS
--------------------------------------------------------

  ALTER TABLE "WKSP_ESGAPEX"."COMPANY_ESG_INPUTS" ADD PRIMARY KEY ("COMPANY_ID")
  USING INDEX PCTFREE 10 INITRANS 20 MAXTRANS 255 COMPUTE STATISTICS 
  STORAGE(INITIAL 65536 NEXT 1048576 MINEXTENTS 1 MAXEXTENTS 2147483645
  PCTINCREASE 0 FREELISTS 1 FREELIST GROUPS 1
  BUFFER_POOL DEFAULT FLASH_CACHE DEFAULT CELL_FLASH_CACHE DEFAULT)
  TABLESPACE "DATA"  ENABLE;
--------------------------------------------------------
--  Constraints for Table ESG_ATTRIBUTION_DAILY
--------------------------------------------------------

  ALTER TABLE "WKSP_ESGAPEX"."ESG_ATTRIBUTION_DAILY" MODIFY ("CALC_DATE" NOT NULL ENABLE);
  ALTER TABLE "WKSP_ESGAPEX"."ESG_ATTRIBUTION_DAILY" MODIFY ("INDEX_CODE" NOT NULL ENABLE);
  ALTER TABLE "WKSP_ESGAPEX"."ESG_ATTRIBUTION_DAILY" MODIFY ("BENCH_CODE" NOT NULL ENABLE);
  ALTER TABLE "WKSP_ESGAPEX"."ESG_ATTRIBUTION_DAILY" ADD CONSTRAINT "ESG_ATTRIB_PK" PRIMARY KEY ("CALC_DATE", "INDEX_CODE", "BENCH_CODE", "SECTOR")
  USING INDEX PCTFREE 10 INITRANS 20 MAXTRANS 255 
  TABLESPACE "DATA"  ENABLE;
--------------------------------------------------------
--  Constraints for Table ESG_SCORES
--------------------------------------------------------

  ALTER TABLE "WKSP_ESGAPEX"."ESG_SCORES" MODIFY ("COMPANY" NOT NULL ENABLE);
  ALTER TABLE "WKSP_ESGAPEX"."ESG_SCORES" MODIFY ("SCORE_DATE" NOT NULL ENABLE);
  ALTER TABLE "WKSP_ESGAPEX"."ESG_SCORES" ADD CONSTRAINT "ESG_SCORES_PK" PRIMARY KEY ("COMPANY", "SCORE_DATE")
  USING INDEX PCTFREE 10 INITRANS 20 MAXTRANS 255 
  TABLESPACE "DATA"  ENABLE;
--------------------------------------------------------
--  Constraints for Table ESG_DOCS
--------------------------------------------------------

  ALTER TABLE "WKSP_ESGAPEX"."ESG_DOCS" MODIFY ("DOC_ID" NOT NULL ENABLE);
  ALTER TABLE "WKSP_ESGAPEX"."ESG_DOCS" ADD PRIMARY KEY ("DOC_ID")
  USING INDEX PCTFREE 10 INITRANS 20 MAXTRANS 255 COMPUTE STATISTICS 
  STORAGE(INITIAL 65536 NEXT 1048576 MINEXTENTS 1 MAXEXTENTS 2147483645
  PCTINCREASE 0 FREELISTS 1 FREELIST GROUPS 1
  BUFFER_POOL DEFAULT FLASH_CACHE DEFAULT CELL_FLASH_CACHE DEFAULT)
  TABLESPACE "DATA"  ENABLE;
--------------------------------------------------------
--  Constraints for Table INDEX_DAILY_LEVELS
--------------------------------------------------------

  ALTER TABLE "WKSP_ESGAPEX"."INDEX_DAILY_LEVELS" ADD PRIMARY KEY ("INDEX_DATE")
  USING INDEX PCTFREE 10 INITRANS 20 MAXTRANS 255 
  TABLESPACE "DATA"  ENABLE;
--------------------------------------------------------
--  Constraints for Table DR$X_NEWS_ITEMS_SUMMARY_FT$I
--------------------------------------------------------

  ALTER TABLE "WKSP_ESGAPEX"."DR$X_NEWS_ITEMS_SUMMARY_FT$I" MODIFY ("TOKEN_TEXT" NOT NULL ENABLE);
  ALTER TABLE "WKSP_ESGAPEX"."DR$X_NEWS_ITEMS_SUMMARY_FT$I" MODIFY ("TOKEN_TYPE" NOT NULL ENABLE);
  ALTER TABLE "WKSP_ESGAPEX"."DR$X_NEWS_ITEMS_SUMMARY_FT$I" MODIFY ("TOKEN_FIRST" NOT NULL ENABLE);
  ALTER TABLE "WKSP_ESGAPEX"."DR$X_NEWS_ITEMS_SUMMARY_FT$I" MODIFY ("TOKEN_LAST" NOT NULL ENABLE);
  ALTER TABLE "WKSP_ESGAPEX"."DR$X_NEWS_ITEMS_SUMMARY_FT$I" MODIFY ("TOKEN_COUNT" NOT NULL ENABLE);
--------------------------------------------------------
--  Constraints for Table EBA_DEMO_CHART_SAMPLE_NAMES
--------------------------------------------------------

  ALTER TABLE "WKSP_ESGAPEX"."EBA_DEMO_CHART_SAMPLE_NAMES" MODIFY ("ID" NOT NULL ENABLE);
  ALTER TABLE "WKSP_ESGAPEX"."EBA_DEMO_CHART_SAMPLE_NAMES" MODIFY ("SAMPLE_NAME" NOT NULL ENABLE);
  ALTER TABLE "WKSP_ESGAPEX"."EBA_DEMO_CHART_SAMPLE_NAMES" ADD CONSTRAINT "EBA_DEMO_SAMPLES_PK" PRIMARY KEY ("ID")
  USING INDEX PCTFREE 10 INITRANS 20 MAXTRANS 255 COMPUTE STATISTICS 
  STORAGE(INITIAL 65536 NEXT 1048576 MINEXTENTS 1 MAXEXTENTS 2147483645
  PCTINCREASE 0 FREELISTS 1 FREELIST GROUPS 1
  BUFFER_POOL DEFAULT FLASH_CACHE DEFAULT CELL_FLASH_CACHE DEFAULT)
  TABLESPACE "DATA"  ENABLE;
--------------------------------------------------------
--  Constraints for Table INDEX_SPLITS
--------------------------------------------------------

  ALTER TABLE "WKSP_ESGAPEX"."INDEX_SPLITS" MODIFY ("ID" NOT NULL ENABLE);
  ALTER TABLE "WKSP_ESGAPEX"."INDEX_SPLITS" ADD PRIMARY KEY ("ID")
  USING INDEX PCTFREE 10 INITRANS 20 MAXTRANS 255 
  TABLESPACE "DATA"  ENABLE;
--------------------------------------------------------
--  Constraints for Table NEWS_ITEM_TICKERS
--------------------------------------------------------

  ALTER TABLE "WKSP_ESGAPEX"."NEWS_ITEM_TICKERS" MODIFY ("ITEM_TABLE" NOT NULL ENABLE);
  ALTER TABLE "WKSP_ESGAPEX"."NEWS_ITEM_TICKERS" MODIFY ("ITEM_ID" NOT NULL ENABLE);
  ALTER TABLE "WKSP_ESGAPEX"."NEWS_ITEM_TICKERS" MODIFY ("TICKER" NOT NULL ENABLE);
  ALTER TABLE "WKSP_ESGAPEX"."NEWS_ITEM_TICKERS" ADD CHECK (ITEM_TABLE IN ('NEWS_ITEMS','ESG_NEWS')) ENABLE;
  ALTER TABLE "WKSP_ESGAPEX"."NEWS_ITEM_TICKERS" ADD CONSTRAINT "PK_NEWS_ITEM_TICKERS" PRIMARY KEY ("ITEM_TABLE", "ITEM_ID", "TICKER")
  USING INDEX PCTFREE 10 INITRANS 20 MAXTRANS 255 COMPUTE STATISTICS 
  STORAGE(INITIAL 65536 NEXT 1048576 MINEXTENTS 1 MAXEXTENTS 2147483645
  PCTINCREASE 0 FREELISTS 1 FREELIST GROUPS 1
  BUFFER_POOL DEFAULT FLASH_CACHE DEFAULT CELL_FLASH_CACHE DEFAULT)
  TABLESPACE "DATA"  ENABLE;
--------------------------------------------------------
--  Constraints for Table VECTOR$ESG_DOCS_HNSW$165913_172112_0$HNSW_ROWID_VID_MAP
--------------------------------------------------------

  ALTER TABLE "WKSP_ESGAPEX"."VECTOR$ESG_DOCS_HNSW$165913_172112_0$HNSW_ROWID_VID_MAP" ADD PRIMARY KEY ("BASE_TABLE_ROWID")
  USING INDEX PCTFREE 10 INITRANS 2 MAXTRANS 255 COMPUTE STATISTICS 
  STORAGE(INITIAL 65536 NEXT 1048576 MINEXTENTS 1 MAXEXTENTS 2147483645
  PCTINCREASE 0 FREELISTS 1 FREELIST GROUPS 1
  BUFFER_POOL DEFAULT FLASH_CACHE DEFAULT CELL_FLASH_CACHE DEFAULT)
  TABLESPACE "DATA"  ENABLE;
--------------------------------------------------------
--  Constraints for Table EBA_DEMO_CHART_PRODUCTS
--------------------------------------------------------

  ALTER TABLE "WKSP_ESGAPEX"."EBA_DEMO_CHART_PRODUCTS" MODIFY ("PRODUCT_ID" NOT NULL ENABLE);
  ALTER TABLE "WKSP_ESGAPEX"."EBA_DEMO_CHART_PRODUCTS" ADD CONSTRAINT "EBA_DEMO_CHART_PROD_PK" PRIMARY KEY ("PRODUCT_ID")
  USING INDEX PCTFREE 10 INITRANS 20 MAXTRANS 255 COMPUTE STATISTICS 
  STORAGE(INITIAL 65536 NEXT 1048576 MINEXTENTS 1 MAXEXTENTS 2147483645
  PCTINCREASE 0 FREELISTS 1 FREELIST GROUPS 1
  BUFFER_POOL DEFAULT FLASH_CACHE DEFAULT CELL_FLASH_CACHE DEFAULT)
  TABLESPACE "DATA"  ENABLE;
--------------------------------------------------------
--  Constraints for Table COMPANY_ESG_INPUTS_LEVEL_1
--------------------------------------------------------

  ALTER TABLE "WKSP_ESGAPEX"."COMPANY_ESG_INPUTS_LEVEL_1" MODIFY ("COMPANY_NAME" NOT NULL ENABLE);
  ALTER TABLE "WKSP_ESGAPEX"."COMPANY_ESG_INPUTS_LEVEL_1" MODIFY ("CONTACT_EMAIL" NOT NULL ENABLE);
  ALTER TABLE "WKSP_ESGAPEX"."COMPANY_ESG_INPUTS_LEVEL_1" MODIFY ("COUNTRY" NOT NULL ENABLE);
  ALTER TABLE "WKSP_ESGAPEX"."COMPANY_ESG_INPUTS_LEVEL_1" MODIFY ("SECTOR" NOT NULL ENABLE);
  ALTER TABLE "WKSP_ESGAPEX"."COMPANY_ESG_INPUTS_LEVEL_1" MODIFY ("NUMBER_OF_EMPLOYEES" NOT NULL ENABLE);
  ALTER TABLE "WKSP_ESGAPEX"."COMPANY_ESG_INPUTS_LEVEL_1" ADD PRIMARY KEY ("ID")
  USING INDEX PCTFREE 10 INITRANS 20 MAXTRANS 255 COMPUTE STATISTICS 
  STORAGE(INITIAL 65536 NEXT 1048576 MINEXTENTS 1 MAXEXTENTS 2147483645
  PCTINCREASE 0 FREELISTS 1 FREELIST GROUPS 1
  BUFFER_POOL DEFAULT FLASH_CACHE DEFAULT CELL_FLASH_CACHE DEFAULT)
  TABLESPACE "DATA"  ENABLE;
  ALTER TABLE "WKSP_ESGAPEX"."COMPANY_ESG_INPUTS_LEVEL_1" MODIFY ("ID" NOT NULL ENABLE);
--------------------------------------------------------
--  Constraints for Table ESG_NEWS
--------------------------------------------------------

  ALTER TABLE "WKSP_ESGAPEX"."ESG_NEWS" MODIFY ("COMPANY" NOT NULL ENABLE);
  ALTER TABLE "WKSP_ESGAPEX"."ESG_NEWS" MODIFY ("TITLE" NOT NULL ENABLE);
  ALTER TABLE "WKSP_ESGAPEX"."ESG_NEWS" MODIFY ("URL" NOT NULL ENABLE);
  ALTER TABLE "WKSP_ESGAPEX"."ESG_NEWS" MODIFY ("ID" NOT NULL ENABLE);
  ALTER TABLE "WKSP_ESGAPEX"."ESG_NEWS" MODIFY ("DATE_PUBLISHED" NOT NULL ENABLE);
  ALTER TABLE "WKSP_ESGAPEX"."ESG_NEWS" ADD PRIMARY KEY ("ID")
  USING INDEX PCTFREE 10 INITRANS 20 MAXTRANS 255 COMPUTE STATISTICS 
  STORAGE(INITIAL 65536 NEXT 1048576 MINEXTENTS 1 MAXEXTENTS 2147483645
  PCTINCREASE 0 FREELISTS 1 FREELIST GROUPS 1
  BUFFER_POOL DEFAULT FLASH_CACHE DEFAULT CELL_FLASH_CACHE DEFAULT)
  TABLESPACE "DATA"  ENABLE;
  ALTER TABLE "WKSP_ESGAPEX"."ESG_NEWS" ADD CONSTRAINT "ESG_NEWS_UK" UNIQUE ("COMPANY", "URL", "DATE_PUBLISHED")
  USING INDEX PCTFREE 10 INITRANS 20 MAXTRANS 255 COMPUTE STATISTICS 
  STORAGE(INITIAL 65536 NEXT 1048576 MINEXTENTS 1 MAXEXTENTS 2147483645
  PCTINCREASE 0 FREELISTS 1 FREELIST GROUPS 1
  BUFFER_POOL DEFAULT FLASH_CACHE DEFAULT CELL_FLASH_CACHE DEFAULT)
  TABLESPACE "DATA"  ENABLE;
--------------------------------------------------------
--  Constraints for Table DR$X_NEWS_ITEMS_SUMMARY_FT$N
--------------------------------------------------------

  ALTER TABLE "WKSP_ESGAPEX"."DR$X_NEWS_ITEMS_SUMMARY_FT$N" MODIFY ("NLT_MARK" NOT NULL ENABLE);
  ALTER TABLE "WKSP_ESGAPEX"."DR$X_NEWS_ITEMS_SUMMARY_FT$N" ADD PRIMARY KEY ("NLT_DOCID")
  USING INDEX PCTFREE 10 INITRANS 2 MAXTRANS 255 
  STORAGE(
  BUFFER_POOL DEFAULT FLASH_CACHE DEFAULT CELL_FLASH_CACHE DEFAULT)
  TABLESPACE "DATA"  ENABLE;
--------------------------------------------------------
--  Constraints for Table EBA_DEMO_CHART_STOCKS
--------------------------------------------------------

  ALTER TABLE "WKSP_ESGAPEX"."EBA_DEMO_CHART_STOCKS" MODIFY ("ID" NOT NULL ENABLE);
  ALTER TABLE "WKSP_ESGAPEX"."EBA_DEMO_CHART_STOCKS" ADD CONSTRAINT "EBA_DEMO_CHART_STOCKS_PK" PRIMARY KEY ("ID")
  USING INDEX PCTFREE 10 INITRANS 20 MAXTRANS 255 COMPUTE STATISTICS 
  STORAGE(INITIAL 65536 NEXT 1048576 MINEXTENTS 1 MAXEXTENTS 2147483645
  PCTINCREASE 0 FREELISTS 1 FREELIST GROUPS 1
  BUFFER_POOL DEFAULT FLASH_CACHE DEFAULT CELL_FLASH_CACHE DEFAULT)
  TABLESPACE "DATA"  ENABLE;
--------------------------------------------------------
--  Constraints for Table INDEX_FINANCIALS
--------------------------------------------------------

  ALTER TABLE "WKSP_ESGAPEX"."INDEX_FINANCIALS" MODIFY ("ID" NOT NULL ENABLE);
  ALTER TABLE "WKSP_ESGAPEX"."INDEX_FINANCIALS" ADD PRIMARY KEY ("ID")
  USING INDEX PCTFREE 10 INITRANS 20 MAXTRANS 255 
  TABLESPACE "DATA"  ENABLE;
--------------------------------------------------------
--  Constraints for Table INDEX_LEVELS
--------------------------------------------------------

  ALTER TABLE "WKSP_ESGAPEX"."INDEX_LEVELS" ADD PRIMARY KEY ("INDEX_DATE")
  USING INDEX PCTFREE 10 INITRANS 20 MAXTRANS 255 COMPUTE STATISTICS 
  STORAGE(INITIAL 65536 NEXT 1048576 MINEXTENTS 1 MAXEXTENTS 2147483645
  PCTINCREASE 0 FREELISTS 1 FREELIST GROUPS 1
  BUFFER_POOL DEFAULT FLASH_CACHE DEFAULT CELL_FLASH_CACHE DEFAULT)
  TABLESPACE "DATA"  ENABLE;
--------------------------------------------------------
--  Constraints for Table ESG_CONSTITUENT_PRICES
--------------------------------------------------------

  ALTER TABLE "WKSP_ESGAPEX"."ESG_CONSTITUENT_PRICES" MODIFY ("INDEX_CODE" NOT NULL ENABLE);
  ALTER TABLE "WKSP_ESGAPEX"."ESG_CONSTITUENT_PRICES" MODIFY ("TICKER" NOT NULL ENABLE);
  ALTER TABLE "WKSP_ESGAPEX"."ESG_CONSTITUENT_PRICES" MODIFY ("TRADE_DATE" NOT NULL ENABLE);
  ALTER TABLE "WKSP_ESGAPEX"."ESG_CONSTITUENT_PRICES" MODIFY ("CLOSE_ADJ" NOT NULL ENABLE);
  ALTER TABLE "WKSP_ESGAPEX"."ESG_CONSTITUENT_PRICES" ADD CONSTRAINT "ESG_CONS_PRICES_PK" PRIMARY KEY ("INDEX_CODE", "TICKER", "TRADE_DATE")
  USING INDEX PCTFREE 10 INITRANS 20 MAXTRANS 255 
  TABLESPACE "DATA"  ENABLE;
--------------------------------------------------------
--  Constraints for Table INDEX_ESG_SCORES
--------------------------------------------------------

  ALTER TABLE "WKSP_ESGAPEX"."INDEX_ESG_SCORES" MODIFY ("ID" NOT NULL ENABLE);
  ALTER TABLE "WKSP_ESGAPEX"."INDEX_ESG_SCORES" ADD PRIMARY KEY ("ID")
  USING INDEX PCTFREE 10 INITRANS 20 MAXTRANS 255 
  TABLESPACE "DATA"  ENABLE;
--------------------------------------------------------
--  Constraints for Table DR$X_ESG_NEWS_TITLE_FT$I
--------------------------------------------------------

  ALTER TABLE "WKSP_ESGAPEX"."DR$X_ESG_NEWS_TITLE_FT$I" MODIFY ("TOKEN_TEXT" NOT NULL ENABLE);
  ALTER TABLE "WKSP_ESGAPEX"."DR$X_ESG_NEWS_TITLE_FT$I" MODIFY ("TOKEN_TYPE" NOT NULL ENABLE);
  ALTER TABLE "WKSP_ESGAPEX"."DR$X_ESG_NEWS_TITLE_FT$I" MODIFY ("TOKEN_FIRST" NOT NULL ENABLE);
  ALTER TABLE "WKSP_ESGAPEX"."DR$X_ESG_NEWS_TITLE_FT$I" MODIFY ("TOKEN_LAST" NOT NULL ENABLE);
  ALTER TABLE "WKSP_ESGAPEX"."DR$X_ESG_NEWS_TITLE_FT$I" MODIFY ("TOKEN_COUNT" NOT NULL ENABLE);
--------------------------------------------------------
--  Constraints for Table EBA_DEMO_CHART_SAMPLE_DATA
--------------------------------------------------------

  ALTER TABLE "WKSP_ESGAPEX"."EBA_DEMO_CHART_SAMPLE_DATA" MODIFY ("ID" NOT NULL ENABLE);
  ALTER TABLE "WKSP_ESGAPEX"."EBA_DEMO_CHART_SAMPLE_DATA" ADD CONSTRAINT "EBA_DEMO_SAMPLE_DATA_PK" PRIMARY KEY ("ID")
  USING INDEX PCTFREE 10 INITRANS 20 MAXTRANS 255 COMPUTE STATISTICS 
  STORAGE(INITIAL 65536 NEXT 1048576 MINEXTENTS 1 MAXEXTENTS 2147483645
  PCTINCREASE 0 FREELISTS 1 FREELIST GROUPS 1
  BUFFER_POOL DEFAULT FLASH_CACHE DEFAULT CELL_FLASH_CACHE DEFAULT)
  TABLESPACE "DATA"  ENABLE;
--------------------------------------------------------
--  Constraints for Table ESG_INDEX_LEVELS
--------------------------------------------------------

  ALTER TABLE "WKSP_ESGAPEX"."ESG_INDEX_LEVELS" MODIFY ("INDEX_CODE" NOT NULL ENABLE);
  ALTER TABLE "WKSP_ESGAPEX"."ESG_INDEX_LEVELS" MODIFY ("LEVEL_DATE" NOT NULL ENABLE);
  ALTER TABLE "WKSP_ESGAPEX"."ESG_INDEX_LEVELS" MODIFY ("INDEX_LEVEL" NOT NULL ENABLE);
  ALTER TABLE "WKSP_ESGAPEX"."ESG_INDEX_LEVELS" ADD CONSTRAINT "ESG_INDEX_LEVELS_PK" PRIMARY KEY ("INDEX_CODE", "LEVEL_DATE")
  USING INDEX PCTFREE 10 INITRANS 20 MAXTRANS 255 COMPUTE STATISTICS 
  STORAGE(INITIAL 65536 NEXT 1048576 MINEXTENTS 1 MAXEXTENTS 2147483645
  PCTINCREASE 0 FREELISTS 1 FREELIST GROUPS 1
  BUFFER_POOL DEFAULT FLASH_CACHE DEFAULT CELL_FLASH_CACHE DEFAULT)
  TABLESPACE "DATA"  ENABLE;
--------------------------------------------------------
--  Constraints for Table EBA_DEMO_CHART_EMP
--------------------------------------------------------

  ALTER TABLE "WKSP_ESGAPEX"."EBA_DEMO_CHART_EMP" MODIFY ("EMPNO" NOT NULL ENABLE);
  ALTER TABLE "WKSP_ESGAPEX"."EBA_DEMO_CHART_EMP" ADD CONSTRAINT "EBA_DEMO_CHART_EMP_PK" PRIMARY KEY ("EMPNO")
  USING INDEX PCTFREE 10 INITRANS 20 MAXTRANS 255 COMPUTE STATISTICS 
  STORAGE(INITIAL 65536 NEXT 1048576 MINEXTENTS 1 MAXEXTENTS 2147483645
  PCTINCREASE 0 FREELISTS 1 FREELIST GROUPS 1
  BUFFER_POOL DEFAULT FLASH_CACHE DEFAULT CELL_FLASH_CACHE DEFAULT)
  TABLESPACE "DATA"  ENABLE;
--------------------------------------------------------
--  Constraints for Table EBA_DEMO_CHART_GRADES
--------------------------------------------------------

  ALTER TABLE "WKSP_ESGAPEX"."EBA_DEMO_CHART_GRADES" MODIFY ("SCHOOLB" NOT NULL ENABLE);
--------------------------------------------------------
--  Constraints for Table ATTRIBUTION
--------------------------------------------------------

  ALTER TABLE "WKSP_ESGAPEX"."ATTRIBUTION" MODIFY ("DT" NOT NULL ENABLE);
  ALTER TABLE "WKSP_ESGAPEX"."ATTRIBUTION" MODIFY ("TICKER" NOT NULL ENABLE);
  ALTER TABLE "WKSP_ESGAPEX"."ATTRIBUTION" MODIFY ("WEIGHT_BEG" NOT NULL ENABLE);
  ALTER TABLE "WKSP_ESGAPEX"."ATTRIBUTION" MODIFY ("RETURN_D" NOT NULL ENABLE);
  ALTER TABLE "WKSP_ESGAPEX"."ATTRIBUTION" MODIFY ("CONTRIB_BPS" NOT NULL ENABLE);
  ALTER TABLE "WKSP_ESGAPEX"."ATTRIBUTION" ADD CONSTRAINT "PK_ATTRIBUTION" PRIMARY KEY ("DT", "TICKER")
  USING INDEX PCTFREE 10 INITRANS 20 MAXTRANS 255 COMPUTE STATISTICS 
  STORAGE(INITIAL 65536 NEXT 1048576 MINEXTENTS 1 MAXEXTENTS 2147483645
  PCTINCREASE 0 FREELISTS 1 FREELIST GROUPS 1
  BUFFER_POOL DEFAULT FLASH_CACHE DEFAULT CELL_FLASH_CACHE DEFAULT)
  TABLESPACE "DATA"  ENABLE;
--------------------------------------------------------
--  Constraints for Table INDEX_DIVIDENDS
--------------------------------------------------------

  ALTER TABLE "WKSP_ESGAPEX"."INDEX_DIVIDENDS" MODIFY ("ID" NOT NULL ENABLE);
  ALTER TABLE "WKSP_ESGAPEX"."INDEX_DIVIDENDS" ADD PRIMARY KEY ("ID")
  USING INDEX PCTFREE 10 INITRANS 20 MAXTRANS 255 
  TABLESPACE "DATA"  ENABLE;
--------------------------------------------------------
--  Constraints for Table INDEX_REBALANCE_DATES
--------------------------------------------------------

  ALTER TABLE "WKSP_ESGAPEX"."INDEX_REBALANCE_DATES" ADD PRIMARY KEY ("REBALANCE_DATE")
  USING INDEX PCTFREE 10 INITRANS 20 MAXTRANS 255 
  TABLESPACE "DATA"  ENABLE;
--------------------------------------------------------
--  Constraints for Table DR$X_NEWS_ITEMS_FT$U
--------------------------------------------------------

  ALTER TABLE "WKSP_ESGAPEX"."DR$X_NEWS_ITEMS_FT$U" ADD PRIMARY KEY ("RID")
  USING INDEX PCTFREE 10 INITRANS 2 MAXTRANS 255 
  TABLESPACE "DATA"  ENABLE;
--------------------------------------------------------
--  Constraints for Table EBA_DEMO_CHART_STATS
--------------------------------------------------------

  ALTER TABLE "WKSP_ESGAPEX"."EBA_DEMO_CHART_STATS" MODIFY ("ID" NOT NULL ENABLE);
  ALTER TABLE "WKSP_ESGAPEX"."EBA_DEMO_CHART_STATS" ADD CONSTRAINT "EBA_DEMO_CHART_STATS_PK" PRIMARY KEY ("ID")
  USING INDEX PCTFREE 10 INITRANS 20 MAXTRANS 255 COMPUTE STATISTICS 
  STORAGE(INITIAL 65536 NEXT 1048576 MINEXTENTS 1 MAXEXTENTS 2147483645
  PCTINCREASE 0 FREELISTS 1 FREELIST GROUPS 1
  BUFFER_POOL DEFAULT FLASH_CACHE DEFAULT CELL_FLASH_CACHE DEFAULT)
  TABLESPACE "DATA"  ENABLE;
--------------------------------------------------------
--  Constraints for Table INDEX_ACTIONS
--------------------------------------------------------

  ALTER TABLE "WKSP_ESGAPEX"."INDEX_ACTIONS" MODIFY ("ID" NOT NULL ENABLE);
  ALTER TABLE "WKSP_ESGAPEX"."INDEX_ACTIONS" ADD PRIMARY KEY ("ID")
  USING INDEX PCTFREE 10 INITRANS 20 MAXTRANS 255 
  TABLESPACE "DATA"  ENABLE;
--------------------------------------------------------
--  Constraints for Table INDEX_CASH_FLOW
--------------------------------------------------------

  ALTER TABLE "WKSP_ESGAPEX"."INDEX_CASH_FLOW" MODIFY ("ID" NOT NULL ENABLE);
  ALTER TABLE "WKSP_ESGAPEX"."INDEX_CASH_FLOW" ADD PRIMARY KEY ("ID")
  USING INDEX PCTFREE 10 INITRANS 20 MAXTRANS 255 
  TABLESPACE "DATA"  ENABLE;
--------------------------------------------------------
--  Constraints for Table VECTOR$ESG_DOCS_HNSW$165913_172112_0$HNSW_CHECKPOINTS
--------------------------------------------------------

  ALTER TABLE "WKSP_ESGAPEX"."VECTOR$ESG_DOCS_HNSW$165913_172112_0$HNSW_CHECKPOINTS" MODIFY ("CHECKPOINT_ID" NOT NULL ENABLE);
  ALTER TABLE "WKSP_ESGAPEX"."VECTOR$ESG_DOCS_HNSW$165913_172112_0$HNSW_CHECKPOINTS" MODIFY ("LAYER" NOT NULL ENABLE);
  ALTER TABLE "WKSP_ESGAPEX"."VECTOR$ESG_DOCS_HNSW$165913_172112_0$HNSW_CHECKPOINTS" MODIFY ("FLAG" NOT NULL ENABLE);
--------------------------------------------------------
--  Constraints for Table DR$X_ESG_NEWS_TITLE_FT$N
--------------------------------------------------------

  ALTER TABLE "WKSP_ESGAPEX"."DR$X_ESG_NEWS_TITLE_FT$N" MODIFY ("NLT_MARK" NOT NULL ENABLE);
  ALTER TABLE "WKSP_ESGAPEX"."DR$X_ESG_NEWS_TITLE_FT$N" ADD PRIMARY KEY ("NLT_DOCID")
  USING INDEX PCTFREE 10 INITRANS 2 MAXTRANS 255 
  STORAGE(
  BUFFER_POOL DEFAULT FLASH_CACHE DEFAULT CELL_FLASH_CACHE DEFAULT)
  TABLESPACE "DATA"  ENABLE;
--------------------------------------------------------
--  Constraints for Table EEA_LIST_UPLOAD_DOWNLOAD
--------------------------------------------------------

  ALTER TABLE "WKSP_ESGAPEX"."EEA_LIST_UPLOAD_DOWNLOAD" ADD CONSTRAINT "PK_ROWID_COL" PRIMARY KEY ("ROWID_COL")
  USING INDEX PCTFREE 10 INITRANS 20 MAXTRANS 255 COMPUTE STATISTICS 
  STORAGE(INITIAL 65536 NEXT 1048576 MINEXTENTS 1 MAXEXTENTS 2147483645
  PCTINCREASE 0 FREELISTS 1 FREELIST GROUPS 1
  BUFFER_POOL DEFAULT FLASH_CACHE DEFAULT CELL_FLASH_CACHE DEFAULT)
  TABLESPACE "DATA"  ENABLE;
--------------------------------------------------------
--  Constraints for Table RATE_LIMIT_LOG
--------------------------------------------------------

  ALTER TABLE "WKSP_ESGAPEX"."RATE_LIMIT_LOG" MODIFY ("API_KEY" NOT NULL ENABLE);
  ALTER TABLE "WKSP_ESGAPEX"."RATE_LIMIT_LOG" MODIFY ("ENDPOINT" NOT NULL ENABLE);
  ALTER TABLE "WKSP_ESGAPEX"."RATE_LIMIT_LOG" ADD CHECK (ok IN ('Y','N')) ENABLE;
--------------------------------------------------------
--  Constraints for Table INDEX_CONSTITUENTS
--------------------------------------------------------

  ALTER TABLE "WKSP_ESGAPEX"."INDEX_CONSTITUENTS" ADD CONSTRAINT "PK_CONSTITUENTS" PRIMARY KEY ("INDEX_DATE", "TICKER")
  USING INDEX PCTFREE 10 INITRANS 20 MAXTRANS 255 COMPUTE STATISTICS 
  STORAGE(INITIAL 65536 NEXT 1048576 MINEXTENTS 1 MAXEXTENTS 2147483645
  PCTINCREASE 0 FREELISTS 1 FREELIST GROUPS 1
  BUFFER_POOL DEFAULT FLASH_CACHE DEFAULT CELL_FLASH_CACHE DEFAULT)
  TABLESPACE "DATA"  ENABLE;
--------------------------------------------------------
--  Constraints for Table NEWS_CATEGORIES
--------------------------------------------------------

  ALTER TABLE "WKSP_ESGAPEX"."NEWS_CATEGORIES" MODIFY ("CATEGORY_ID" NOT NULL ENABLE);
  ALTER TABLE "WKSP_ESGAPEX"."NEWS_CATEGORIES" MODIFY ("NAME" NOT NULL ENABLE);
  ALTER TABLE "WKSP_ESGAPEX"."NEWS_CATEGORIES" ADD PRIMARY KEY ("CATEGORY_ID")
  USING INDEX PCTFREE 10 INITRANS 20 MAXTRANS 255 COMPUTE STATISTICS 
  STORAGE(INITIAL 65536 NEXT 1048576 MINEXTENTS 1 MAXEXTENTS 2147483645
  PCTINCREASE 0 FREELISTS 1 FREELIST GROUPS 1
  BUFFER_POOL DEFAULT FLASH_CACHE DEFAULT CELL_FLASH_CACHE DEFAULT)
  TABLESPACE "DATA"  ENABLE;
  ALTER TABLE "WKSP_ESGAPEX"."NEWS_CATEGORIES" ADD UNIQUE ("NAME")
  USING INDEX PCTFREE 10 INITRANS 20 MAXTRANS 255 COMPUTE STATISTICS 
  STORAGE(INITIAL 65536 NEXT 1048576 MINEXTENTS 1 MAXEXTENTS 2147483645
  PCTINCREASE 0 FREELISTS 1 FREELIST GROUPS 1
  BUFFER_POOL DEFAULT FLASH_CACHE DEFAULT CELL_FLASH_CACHE DEFAULT)
  TABLESPACE "DATA"  ENABLE;
--------------------------------------------------------
--  Constraints for Table VECTOR$ESG_DOCS_HNSW$165913_172112_0$HNSW_SHARED_JOURNAL_CHANGE_LOG
--------------------------------------------------------

  ALTER TABLE "WKSP_ESGAPEX"."VECTOR$ESG_DOCS_HNSW$165913_172112_0$HNSW_SHARED_JOURNAL_CHANGE_LOG" MODIFY ("USN" NOT NULL ENABLE);
  ALTER TABLE "WKSP_ESGAPEX"."VECTOR$ESG_DOCS_HNSW$165913_172112_0$HNSW_SHARED_JOURNAL_CHANGE_LOG" MODIFY ("SLOT" NOT NULL ENABLE);
  ALTER TABLE "WKSP_ESGAPEX"."VECTOR$ESG_DOCS_HNSW$165913_172112_0$HNSW_SHARED_JOURNAL_CHANGE_LOG" MODIFY ("SEQ" NOT NULL ENABLE);
--------------------------------------------------------
--  Constraints for Table ESG_BENCHMARK_PRICES
--------------------------------------------------------

  ALTER TABLE "WKSP_ESGAPEX"."ESG_BENCHMARK_PRICES" MODIFY ("BENCH_ID" NOT NULL ENABLE);
  ALTER TABLE "WKSP_ESGAPEX"."ESG_BENCHMARK_PRICES" MODIFY ("TRADE_DATE" NOT NULL ENABLE);
  ALTER TABLE "WKSP_ESGAPEX"."ESG_BENCHMARK_PRICES" MODIFY ("CLOSE_ADJ" NOT NULL ENABLE);
  ALTER TABLE "WKSP_ESGAPEX"."ESG_BENCHMARK_PRICES" ADD CONSTRAINT "ESG_BENCHMARK_PRICES_PK" PRIMARY KEY ("BENCH_ID", "TRADE_DATE")
  USING INDEX PCTFREE 10 INITRANS 20 MAXTRANS 255 
  TABLESPACE "DATA"  ENABLE;
--------------------------------------------------------
--  Constraints for Table ESG_METADATA
--------------------------------------------------------

  ALTER TABLE "WKSP_ESGAPEX"."ESG_METADATA" ADD CHECK (IS_E IN ('Y', 'N')) ENABLE;
  ALTER TABLE "WKSP_ESGAPEX"."ESG_METADATA" ADD CHECK (IS_S IN ('Y', 'N')) ENABLE;
  ALTER TABLE "WKSP_ESGAPEX"."ESG_METADATA" ADD CHECK (IS_G IN ('Y', 'N')) ENABLE;
  ALTER TABLE "WKSP_ESGAPEX"."ESG_METADATA" ADD PRIMARY KEY ("NEWS_ID")
  USING INDEX PCTFREE 10 INITRANS 20 MAXTRANS 255 
  TABLESPACE "DATA"  ENABLE;
--------------------------------------------------------
--  Constraints for Table EBA_DEMO_CHART_BBALL
--------------------------------------------------------

  ALTER TABLE "WKSP_ESGAPEX"."EBA_DEMO_CHART_BBALL" MODIFY ("ID" NOT NULL ENABLE);
  ALTER TABLE "WKSP_ESGAPEX"."EBA_DEMO_CHART_BBALL" ADD CONSTRAINT "EBA_DEMO_CHART_BBALL_PK" PRIMARY KEY ("ID")
  USING INDEX PCTFREE 10 INITRANS 20 MAXTRANS 255 COMPUTE STATISTICS 
  STORAGE(INITIAL 65536 NEXT 1048576 MINEXTENTS 1 MAXEXTENTS 2147483645
  PCTINCREASE 0 FREELISTS 1 FREELIST GROUPS 1
  BUFFER_POOL DEFAULT FLASH_CACHE DEFAULT CELL_FLASH_CACHE DEFAULT)
  TABLESPACE "DATA"  ENABLE;
--------------------------------------------------------
--  Constraints for Table API_KEYS
--------------------------------------------------------

  ALTER TABLE "WKSP_ESGAPEX"."API_KEYS" MODIFY ("USER_ID" NOT NULL ENABLE);
  ALTER TABLE "WKSP_ESGAPEX"."API_KEYS" MODIFY ("TIER" NOT NULL ENABLE);
  ALTER TABLE "WKSP_ESGAPEX"."API_KEYS" ADD CHECK (tier IN ('free','registered','premium')) ENABLE;
  ALTER TABLE "WKSP_ESGAPEX"."API_KEYS" ADD CHECK (status IN ('active','revoked','suspended')) ENABLE;
  ALTER TABLE "WKSP_ESGAPEX"."API_KEYS" ADD PRIMARY KEY ("API_KEY")
  USING INDEX PCTFREE 10 INITRANS 20 MAXTRANS 255 
  TABLESPACE "DATA"  ENABLE;
--------------------------------------------------------
--  Constraints for Table DR$X_ESG_NEWS_TITLE_FT$U
--------------------------------------------------------

  ALTER TABLE "WKSP_ESGAPEX"."DR$X_ESG_NEWS_TITLE_FT$U" ADD PRIMARY KEY ("RID")
  USING INDEX PCTFREE 10 INITRANS 2 MAXTRANS 255 
  TABLESPACE "DATA"  ENABLE;
--------------------------------------------------------
--  Constraints for Table DR$X_ESG_NEWS_TEXT_FT$U
--------------------------------------------------------

  ALTER TABLE "WKSP_ESGAPEX"."DR$X_ESG_NEWS_TEXT_FT$U" ADD PRIMARY KEY ("RID")
  USING INDEX PCTFREE 10 INITRANS 2 MAXTRANS 255 
  TABLESPACE "DATA"  ENABLE;
--------------------------------------------------------
--  Constraints for Table NEWS_ITEMS
--------------------------------------------------------

  ALTER TABLE "WKSP_ESGAPEX"."NEWS_ITEMS" MODIFY ("ID" NOT NULL ENABLE);
  ALTER TABLE "WKSP_ESGAPEX"."NEWS_ITEMS" MODIFY ("DT_PUB" NOT NULL ENABLE);
  ALTER TABLE "WKSP_ESGAPEX"."NEWS_ITEMS" MODIFY ("TITLE" NOT NULL ENABLE);
  ALTER TABLE "WKSP_ESGAPEX"."NEWS_ITEMS" MODIFY ("URL" NOT NULL ENABLE);
  ALTER TABLE "WKSP_ESGAPEX"."NEWS_ITEMS" ADD PRIMARY KEY ("ID")
  USING INDEX PCTFREE 10 INITRANS 20 MAXTRANS 255 
  TABLESPACE "DATA"  ENABLE;
--------------------------------------------------------
--  Constraints for Table INDEX_COMPANIES
--------------------------------------------------------

  ALTER TABLE "WKSP_ESGAPEX"."INDEX_COMPANIES" ADD PRIMARY KEY ("TICKER")
  USING INDEX PCTFREE 10 INITRANS 20 MAXTRANS 255 COMPUTE STATISTICS 
  STORAGE(INITIAL 65536 NEXT 1048576 MINEXTENTS 1 MAXEXTENTS 2147483645
  PCTINCREASE 0 FREELISTS 1 FREELIST GROUPS 1
  BUFFER_POOL DEFAULT FLASH_CACHE DEFAULT CELL_FLASH_CACHE DEFAULT)
  TABLESPACE "DATA"  ENABLE;
--------------------------------------------------------
--  Constraints for Table INDEX_BALANCE_SHEET
--------------------------------------------------------

  ALTER TABLE "WKSP_ESGAPEX"."INDEX_BALANCE_SHEET" MODIFY ("ID" NOT NULL ENABLE);
  ALTER TABLE "WKSP_ESGAPEX"."INDEX_BALANCE_SHEET" ADD PRIMARY KEY ("ID")
  USING INDEX PCTFREE 10 INITRANS 20 MAXTRANS 255 
  TABLESPACE "DATA"  ENABLE;
--------------------------------------------------------
--  Constraints for Table ESG_COMPANIES
--------------------------------------------------------

  ALTER TABLE "WKSP_ESGAPEX"."ESG_COMPANIES" MODIFY ("COMPANY_ID" NOT NULL ENABLE);
  ALTER TABLE "WKSP_ESGAPEX"."ESG_COMPANIES" ADD PRIMARY KEY ("COMPANY_ID")
  USING INDEX PCTFREE 10 INITRANS 20 MAXTRANS 255 
  TABLESPACE "DATA"  ENABLE;
  ALTER TABLE "WKSP_ESGAPEX"."ESG_COMPANIES" ADD UNIQUE ("TICKER")
  USING INDEX PCTFREE 10 INITRANS 20 MAXTRANS 255 
  TABLESPACE "DATA"  ENABLE;
--------------------------------------------------------
--  Constraints for Table ESG_BENCHMARKS
--------------------------------------------------------

  ALTER TABLE "WKSP_ESGAPEX"."ESG_BENCHMARKS" MODIFY ("BENCH_ID" NOT NULL ENABLE);
  ALTER TABLE "WKSP_ESGAPEX"."ESG_BENCHMARKS" ADD PRIMARY KEY ("BENCH_ID")
  USING INDEX PCTFREE 10 INITRANS 20 MAXTRANS 255 COMPUTE STATISTICS 
  STORAGE(INITIAL 65536 NEXT 1048576 MINEXTENTS 1 MAXEXTENTS 2147483645
  PCTINCREASE 0 FREELISTS 1 FREELIST GROUPS 1
  BUFFER_POOL DEFAULT FLASH_CACHE DEFAULT CELL_FLASH_CACHE DEFAULT)
  TABLESPACE "DATA"  ENABLE;
  ALTER TABLE "WKSP_ESGAPEX"."ESG_BENCHMARKS" ADD UNIQUE ("CODE")
  USING INDEX PCTFREE 10 INITRANS 20 MAXTRANS 255 COMPUTE STATISTICS 
  STORAGE(INITIAL 65536 NEXT 1048576 MINEXTENTS 1 MAXEXTENTS 2147483645
  PCTINCREASE 0 FREELISTS 1 FREELIST GROUPS 1
  BUFFER_POOL DEFAULT FLASH_CACHE DEFAULT CELL_FLASH_CACHE DEFAULT)
  TABLESPACE "DATA"  ENABLE;
--------------------------------------------------------
--  Constraints for Table INDEX_CONSTITUENT_PRICES
--------------------------------------------------------

  ALTER TABLE "WKSP_ESGAPEX"."INDEX_CONSTITUENT_PRICES" ADD CONSTRAINT "PK_IDX_CONST_PRICES" PRIMARY KEY ("PRICE_DATE", "TICKER")
  USING INDEX PCTFREE 10 INITRANS 20 MAXTRANS 255 COMPUTE STATISTICS 
  STORAGE(INITIAL 65536 NEXT 1048576 MINEXTENTS 1 MAXEXTENTS 2147483645
  PCTINCREASE 0 FREELISTS 1 FREELIST GROUPS 1
  BUFFER_POOL DEFAULT FLASH_CACHE DEFAULT CELL_FLASH_CACHE DEFAULT)
  TABLESPACE "DATA"  ENABLE;
--------------------------------------------------------
--  Constraints for Table DR$X_ESG_NEWS_TEXT_FT$N
--------------------------------------------------------

  ALTER TABLE "WKSP_ESGAPEX"."DR$X_ESG_NEWS_TEXT_FT$N" MODIFY ("NLT_MARK" NOT NULL ENABLE);
  ALTER TABLE "WKSP_ESGAPEX"."DR$X_ESG_NEWS_TEXT_FT$N" ADD PRIMARY KEY ("NLT_DOCID")
  USING INDEX PCTFREE 10 INITRANS 2 MAXTRANS 255 
  STORAGE(
  BUFFER_POOL DEFAULT FLASH_CACHE DEFAULT CELL_FLASH_CACHE DEFAULT)
  TABLESPACE "DATA"  ENABLE;
--------------------------------------------------------
--  Constraints for Table DR$X_NEWS_ITEMS_FT$I
--------------------------------------------------------

  ALTER TABLE "WKSP_ESGAPEX"."DR$X_NEWS_ITEMS_FT$I" MODIFY ("TOKEN_TEXT" NOT NULL ENABLE);
  ALTER TABLE "WKSP_ESGAPEX"."DR$X_NEWS_ITEMS_FT$I" MODIFY ("TOKEN_TYPE" NOT NULL ENABLE);
  ALTER TABLE "WKSP_ESGAPEX"."DR$X_NEWS_ITEMS_FT$I" MODIFY ("TOKEN_FIRST" NOT NULL ENABLE);
  ALTER TABLE "WKSP_ESGAPEX"."DR$X_NEWS_ITEMS_FT$I" MODIFY ("TOKEN_LAST" NOT NULL ENABLE);
  ALTER TABLE "WKSP_ESGAPEX"."DR$X_NEWS_ITEMS_FT$I" MODIFY ("TOKEN_COUNT" NOT NULL ENABLE);
--------------------------------------------------------
--  Constraints for Table CONTACT_US_MESSAGES
--------------------------------------------------------

  ALTER TABLE "WKSP_ESGAPEX"."CONTACT_US_MESSAGES" MODIFY ("NAME" NOT NULL ENABLE);
  ALTER TABLE "WKSP_ESGAPEX"."CONTACT_US_MESSAGES" MODIFY ("ID" NOT NULL ENABLE);
  ALTER TABLE "WKSP_ESGAPEX"."CONTACT_US_MESSAGES" MODIFY ("EMAIL" NOT NULL ENABLE);
  ALTER TABLE "WKSP_ESGAPEX"."CONTACT_US_MESSAGES" MODIFY ("MESSAGE" NOT NULL ENABLE);
  ALTER TABLE "WKSP_ESGAPEX"."CONTACT_US_MESSAGES" ADD PRIMARY KEY ("ID")
  USING INDEX PCTFREE 10 INITRANS 20 MAXTRANS 255 COMPUTE STATISTICS 
  STORAGE(INITIAL 65536 NEXT 1048576 MINEXTENTS 1 MAXEXTENTS 2147483645
  PCTINCREASE 0 FREELISTS 1 FREELIST GROUPS 1
  BUFFER_POOL DEFAULT FLASH_CACHE DEFAULT CELL_FLASH_CACHE DEFAULT)
  TABLESPACE "DATA"  ENABLE;
--------------------------------------------------------
--  Constraints for Table INDEX_STOCK_PRICES
--------------------------------------------------------

  ALTER TABLE "WKSP_ESGAPEX"."INDEX_STOCK_PRICES" MODIFY ("ID" NOT NULL ENABLE);
  ALTER TABLE "WKSP_ESGAPEX"."INDEX_STOCK_PRICES" ADD PRIMARY KEY ("ID")
  USING INDEX PCTFREE 10 INITRANS 20 MAXTRANS 255 COMPUTE STATISTICS 
  STORAGE(INITIAL 65536 NEXT 1048576 MINEXTENTS 1 MAXEXTENTS 2147483645
  PCTINCREASE 0 FREELISTS 1 FREELIST GROUPS 1
  BUFFER_POOL DEFAULT FLASH_CACHE DEFAULT CELL_FLASH_CACHE DEFAULT)
  TABLESPACE "DATA"  ENABLE;
--------------------------------------------------------
--  Ref Constraints for Table EBA_DEMO_CHART_EMP
--------------------------------------------------------

  ALTER TABLE "WKSP_ESGAPEX"."EBA_DEMO_CHART_EMP" ADD FOREIGN KEY ("MGR")
	  REFERENCES "WKSP_ESGAPEX"."EBA_DEMO_CHART_EMP" ("EMPNO") ENABLE;
--------------------------------------------------------
--  Ref Constraints for Table EBA_DEMO_CHART_ORDERS
--------------------------------------------------------

  ALTER TABLE "WKSP_ESGAPEX"."EBA_DEMO_CHART_ORDERS" ADD CONSTRAINT "EBA_DEMO_CHART_ORDER_FK" FOREIGN KEY ("PRODUCT_ID")
	  REFERENCES "WKSP_ESGAPEX"."EBA_DEMO_CHART_PRODUCTS" ("PRODUCT_ID") ON DELETE CASCADE ENABLE;
--------------------------------------------------------
--  Ref Constraints for Table EBA_DEMO_CHART_SAMPLE_DATA
--------------------------------------------------------

  ALTER TABLE "WKSP_ESGAPEX"."EBA_DEMO_CHART_SAMPLE_DATA" ADD CONSTRAINT "EBA_DEMO_SAMPLE_FK" FOREIGN KEY ("SAMPLE_ID")
	  REFERENCES "WKSP_ESGAPEX"."EBA_DEMO_CHART_SAMPLE_NAMES" ("ID") ON DELETE CASCADE ENABLE;
--------------------------------------------------------
--  Ref Constraints for Table EBA_DEMO_CHART_TASKS
--------------------------------------------------------

  ALTER TABLE "WKSP_ESGAPEX"."EBA_DEMO_CHART_TASKS" ADD CONSTRAINT "EBA_DEMO_CHART_TASKS_FK" FOREIGN KEY ("PROJECT")
	  REFERENCES "WKSP_ESGAPEX"."EBA_DEMO_CHART_PROJECTS" ("ID") ON DELETE CASCADE ENABLE;
--------------------------------------------------------
--  Ref Constraints for Table ESG_BENCHMARK_PRICES
--------------------------------------------------------

  ALTER TABLE "WKSP_ESGAPEX"."ESG_BENCHMARK_PRICES" ADD FOREIGN KEY ("BENCH_ID")
	  REFERENCES "WKSP_ESGAPEX"."ESG_BENCHMARKS" ("BENCH_ID") ENABLE;
--------------------------------------------------------
--  Ref Constraints for Table ESG_METADATA
--------------------------------------------------------

  ALTER TABLE "WKSP_ESGAPEX"."ESG_METADATA" ADD CONSTRAINT "ESG_META_FK" FOREIGN KEY ("NEWS_ID")
	  REFERENCES "WKSP_ESGAPEX"."ESG_NEWS" ("ID") ON DELETE CASCADE ENABLE;
--------------------------------------------------------
--  Ref Constraints for Table INDEX_ACTIONS
--------------------------------------------------------

  ALTER TABLE "WKSP_ESGAPEX"."INDEX_ACTIONS" ADD CONSTRAINT "FK_INDEX_ACT_COMP" FOREIGN KEY ("TICKER")
	  REFERENCES "WKSP_ESGAPEX"."INDEX_COMPANIES" ("TICKER") ENABLE;
--------------------------------------------------------
--  Ref Constraints for Table INDEX_BALANCE_SHEET
--------------------------------------------------------

  ALTER TABLE "WKSP_ESGAPEX"."INDEX_BALANCE_SHEET" ADD CONSTRAINT "FK_INDEX_BAL_COMP" FOREIGN KEY ("TICKER")
	  REFERENCES "WKSP_ESGAPEX"."INDEX_COMPANIES" ("TICKER") ENABLE;
--------------------------------------------------------
--  Ref Constraints for Table INDEX_CASH_FLOW
--------------------------------------------------------

  ALTER TABLE "WKSP_ESGAPEX"."INDEX_CASH_FLOW" ADD CONSTRAINT "FK_INDEX_CF_COMP" FOREIGN KEY ("TICKER")
	  REFERENCES "WKSP_ESGAPEX"."INDEX_COMPANIES" ("TICKER") ENABLE;
--------------------------------------------------------
--  Ref Constraints for Table INDEX_DIVIDENDS
--------------------------------------------------------

  ALTER TABLE "WKSP_ESGAPEX"."INDEX_DIVIDENDS" ADD CONSTRAINT "FK_INDEX_DIV_COMP" FOREIGN KEY ("TICKER")
	  REFERENCES "WKSP_ESGAPEX"."INDEX_COMPANIES" ("TICKER") ENABLE;
--------------------------------------------------------
--  Ref Constraints for Table INDEX_ESG_SCORES
--------------------------------------------------------

  ALTER TABLE "WKSP_ESGAPEX"."INDEX_ESG_SCORES" ADD CONSTRAINT "FK_INDEX_ESG_COMP" FOREIGN KEY ("TICKER")
	  REFERENCES "WKSP_ESGAPEX"."INDEX_COMPANIES" ("TICKER") ENABLE;
--------------------------------------------------------
--  Ref Constraints for Table INDEX_FINANCIALS
--------------------------------------------------------

  ALTER TABLE "WKSP_ESGAPEX"."INDEX_FINANCIALS" ADD CONSTRAINT "FK_INDEX_FIN_COMP" FOREIGN KEY ("TICKER")
	  REFERENCES "WKSP_ESGAPEX"."INDEX_COMPANIES" ("TICKER") ENABLE;
--------------------------------------------------------
--  Ref Constraints for Table INDEX_SPLITS
--------------------------------------------------------

  ALTER TABLE "WKSP_ESGAPEX"."INDEX_SPLITS" ADD CONSTRAINT "FK_INDEX_SPLIT_COMP" FOREIGN KEY ("TICKER")
	  REFERENCES "WKSP_ESGAPEX"."INDEX_COMPANIES" ("TICKER") ENABLE;
--------------------------------------------------------
--  Ref Constraints for Table INDEX_STOCK_PRICES
--------------------------------------------------------

  ALTER TABLE "WKSP_ESGAPEX"."INDEX_STOCK_PRICES" ADD CONSTRAINT "FK_INDEX_SP_COMP" FOREIGN KEY ("TICKER")
	  REFERENCES "WKSP_ESGAPEX"."INDEX_COMPANIES" ("TICKER") ENABLE;
--------------------------------------------------------
--  Ref Constraints for Table NEWS_ITEM_CATEGORIES
--------------------------------------------------------

  ALTER TABLE "WKSP_ESGAPEX"."NEWS_ITEM_CATEGORIES" ADD CONSTRAINT "FK_NIC_CATEGORY" FOREIGN KEY ("CATEGORY_ID")
	  REFERENCES "WKSP_ESGAPEX"."NEWS_CATEGORIES" ("CATEGORY_ID") ENABLE;
--------------------------------------------------------
--  Ref Constraints for Table NEWS_ITEM_TAGS
--------------------------------------------------------

  ALTER TABLE "WKSP_ESGAPEX"."NEWS_ITEM_TAGS" ADD CONSTRAINT "FK_NIT_TAG" FOREIGN KEY ("TAG_ID")
	  REFERENCES "WKSP_ESGAPEX"."NEWS_TAGS" ("TAG_ID") ENABLE;
--------------------------------------------------------
--  Ref Constraints for Table VECTOR$ESG_DOCS_HNSW$165913_172112_0$HNSW_SHARED_JOURNAL_CHANGE_LOG
--------------------------------------------------------

  ALTER TABLE "WKSP_ESGAPEX"."VECTOR$ESG_DOCS_HNSW$165913_172112_0$HNSW_SHARED_JOURNAL_CHANGE_LOG" ADD CONSTRAINT "FK_XID_172112" FOREIGN KEY ("USN", "SLOT", "SEQ")
	  REFERENCES "SYS"."COMMIT_SCN_LOG$" ("USN", "SLOT", "SQN") ENABLE;

SET DEFINE ON;
